{"packages":{"psr\/log":{"1.0.0":{"name":"psr\/log","description":"Common interface for logging libraries","keywords":["log","psr","psr-3"],"homepage":"","version":"1.0.0","version_normalized":"1.0.0.0","license":["MIT"],"authors":[{"name":"PHP-FIG","homepage":"http:\/\/www.php-fig.org\/"}],"source":{"type":"git","url":"https:\/\/github.com\/php-fig\/log.git","reference":"fe0936ee26643249e916849d48e3a51d5f5e278b"},"dist":{"type":"zip","url":"https:\/\/api.github.com\/repos\/php-fig\/log\/zipball\/fe0936ee26643249e916849d48e3a51d5f5e278b","reference":"fe0936ee26643249e916849d48e3a51d5f5e278b","shasum":""},"type":"library","time":"2012-12-21T11:40:51+00:00","autoload":{"psr-0":{"Psr\\Log\\":""}},"uid":29358},"dev-master":{"name":"psr\/log","description":"Common interface for logging libraries","keywords":["log","psr","psr-3"],"homepage":"","version":"dev-master","version_normalized":"9999999-dev","license":["MIT"],"authors":[{"name":"PHP-FIG","homepage":"http:\/\/www.php-fig.org\/"}],"source":{"type":"git","url":"https:\/\/github.com\/php-fig\/log.git","reference":"9e45edca52cc9c954680072c93e621f8b71fab26"},"dist":{"type":"zip","url":"https:\/\/api.github.com\/repos\/php-fig\/log\/zipball\/9e45edca52cc9c954680072c93e621f8b71fab26","reference":"9e45edca52cc9c954680072c93e621f8b71fab26","shasum":""},"type":"library","time":"2015-06-02T13:48:41+00:00","autoload":{"psr-4":{"Psr\\Log\\":"Psr\/Log\/"}},"extra":{"branch-alias":{"dev-master":"1.0.x-dev"}},"require":{"php":">=5.3.0"},"uid":29285}}}}