{"packages":{"nikic\/php-parser":{"0.9.x-dev":{"name":"nikic\/php-parser","description":"A PHP parser written in PHP","keywords":["php","parser"],"homepage":"","version":"0.9.x-dev","version_normalized":"0.9.9999999.9999999-dev","license":["BSD-3-Clause"],"authors":[{"name":"Nikita Popov"}],"source":{"type":"git","url":"https:\/\/github.com\/nikic\/PHP-Parser.git","reference":"ef70767475434bdb3615b43c327e2cae17ef12eb"},"dist":{"type":"zip","url":"https:\/\/api.github.com\/repos\/nikic\/PHP-Parser\/zipball\/ef70767475434bdb3615b43c327e2cae17ef12eb","reference":"ef70767475434bdb3615b43c327e2cae17ef12eb","shasum":""},"type":"library","time":"2014-07-23T18:24:17+00:00","autoload":{"psr-0":{"PHPParser":"lib\/"}},"extra":{"branch-alias":{"dev-master":"0.9-dev"}},"require":{"php":">=5.2","ext-tokenizer":"*"},"uid":130438},"1.x-dev":{"name":"nikic\/php-parser","description":"A PHP parser written in PHP","keywords":["php","parser"],"homepage":"","version":"1.x-dev","version_normalized":"1.9999999.9999999.9999999-dev","license":["BSD-3-Clause"],"authors":[{"name":"Nikita Popov"}],"source":{"type":"git","url":"https:\/\/github.com\/nikic\/PHP-Parser.git","reference":"196f177cfefa0f1f7166c0a05d8255889be12418"},"dist":{"type":"zip","url":"https:\/\/api.github.com\/repos\/nikic\/PHP-Parser\/zipball\/196f177cfefa0f1f7166c0a05d8255889be12418","reference":"196f177cfefa0f1f7166c0a05d8255889be12418","shasum":""},"type":"library","time":"2015-07-14T17:31:05+00:00","autoload":{"files":["lib\/bootstrap.php"]},"extra":{"branch-alias":{"dev-master":"1.4-dev"}},"require":{"php":">=5.3","ext-tokenizer":"*"},"uid":396641},"dev-errorRecovery2":{"name":"nikic\/php-parser","description":"A PHP parser written in PHP","keywords":["php","parser"],"homepage":"","version":"dev-errorRecovery2","version_normalized":"dev-errorRecovery2","license":["BSD-3-Clause"],"authors":[{"name":"Nikita Popov"}],"source":{"type":"git","url":"https:\/\/github.com\/nikic\/PHP-Parser.git","reference":"3c0c2380478596636f77bb5481e8322906554141"},"dist":{"type":"zip","url":"https:\/\/api.github.com\/repos\/nikic\/PHP-Parser\/zipball\/3c0c2380478596636f77bb5481e8322906554141","reference":"3c0c2380478596636f77bb5481e8322906554141","shasum":""},"type":"library","time":"2015-02-04T16:26:36+00:00","autoload":{"files":["lib\/bootstrap.php"]},"extra":{"branch-alias":{"dev-master":"1.1-dev"}},"require":{"php":">=5.3","ext-tokenizer":"*"},"uid":321903},"dev-master":{"name":"nikic\/php-parser","description":"A PHP parser written in PHP","keywords":["php","parser"],"homepage":"","version":"dev-master","version_normalized":"9999999-dev","license":["BSD-3-Clause"],"authors":[{"name":"Nikita Popov"}],"source":{"type":"git","url":"https:\/\/github.com\/nikic\/PHP-Parser.git","reference":"e0a75ededaecccee2f083f951f4611ef95f6a562"},"dist":{"type":"zip","url":"https:\/\/api.github.com\/repos\/nikic\/PHP-Parser\/zipball\/e0a75ededaecccee2f083f951f4611ef95f6a562","reference":"e0a75ededaecccee2f083f951f4611ef95f6a562","shasum":""},"type":"library","time":"2015-07-14T19:13:42+00:00","autoload":{"files":["lib\/bootstrap.php"]},"extra":{"branch-alias":{"dev-master":"2.0-dev"}},"require":{"ext-tokenizer":"*","php":">=5.4"},"uid":5909},"v0.9.0":{"name":"nikic\/php-parser","description":"A PHP parser written in PHP","keywords":["php","parser"],"homepage":"","version":"v0.9.0","version_normalized":"0.9.0.0","license":["BSD"],"authors":[{"name":"Nikita Popov"}],"source":{"type":"git","url":"https:\/\/github.com\/nikic\/PHP-Parser.git","reference":"6bec127e14ada9e99fb53db6c45ffac39ad8674a"},"dist":{"type":"zip","url":"https:\/\/api.github.com\/repos\/nikic\/PHP-Parser\/zipball\/6bec127e14ada9e99fb53db6c45ffac39ad8674a","reference":"6bec127e14ada9e99fb53db6c45ffac39ad8674a","shasum":""},"type":"library","time":"2012-01-05T11:14:35+00:00","autoload":{"psr-0":{"PHPParser":"lib\/"}},"require":{"php":">=5.2"},"uid":5908},"v0.9.1":{"name":"nikic\/php-parser","description":"A PHP parser written in PHP","keywords":["php","parser"],"homepage":"","version":"v0.9.1","version_normalized":"0.9.1.0","license":["BSD"],"authors":[{"name":"Nikita Popov"}],"source":{"type":"git","url":"https:\/\/github.com\/nikic\/PHP-Parser.git","reference":"b1cc9ce676b4350b23d0fafc8244d08eee2fe287"},"dist":{"type":"zip","url":"https:\/\/api.github.com\/repos\/nikic\/PHP-Parser\/zipball\/b1cc9ce676b4350b23d0fafc8244d08eee2fe287","reference":"b1cc9ce676b4350b23d0fafc8244d08eee2fe287","shasum":""},"type":"library","time":"2012-04-23T22:52:11+00:00","autoload":{"psr-0":{"PHPParser":"lib\/"}},"require":{"php":">=5.2"},"uid":11086},"v0.9.2":{"name":"nikic\/php-parser","description":"A PHP parser written in PHP","keywords":["php","parser"],"homepage":"","version":"v0.9.2","version_normalized":"0.9.2.0","license":["BSD"],"authors":[{"name":"Nikita Popov"}],"source":{"type":"git","url":"https:\/\/github.com\/nikic\/PHP-Parser.git","reference":"a81cccff7f968ff6a78b5764e345db26d978f4a4"},"dist":{"type":"zip","url":"https:\/\/api.github.com\/repos\/nikic\/PHP-Parser\/zipball\/a81cccff7f968ff6a78b5764e345db26d978f4a4","reference":"a81cccff7f968ff6a78b5764e345db26d978f4a4","shasum":""},"type":"library","time":"2012-07-07T20:23:25+00:00","autoload":{"psr-0":{"PHPParser":"lib\/"}},"require":{"php":">=5.2"},"uid":14664},"v0.9.3":{"name":"nikic\/php-parser","description":"A PHP parser written in PHP","keywords":["php","parser"],"homepage":"","version":"v0.9.3","version_normalized":"0.9.3.0","license":["BSD-3-Clause"],"authors":[{"name":"Nikita Popov"}],"source":{"type":"git","url":"https:\/\/github.com\/nikic\/PHP-Parser.git","reference":"98ebfc8d545979636fa438f51921fdbec433f0f9"},"dist":{"type":"zip","url":"https:\/\/api.github.com\/repos\/nikic\/PHP-Parser\/zipball\/98ebfc8d545979636fa438f51921fdbec433f0f9","reference":"98ebfc8d545979636fa438f51921fdbec433f0f9","shasum":""},"type":"library","time":"2012-11-22T18:54:05+00:00","autoload":{"psr-0":{"PHPParser":"lib\/"}},"require":{"php":">=5.2"},"uid":26174},"v0.9.4":{"name":"nikic\/php-parser","description":"A PHP parser written in PHP","keywords":["php","parser"],"homepage":"","version":"v0.9.4","version_normalized":"0.9.4.0","license":["BSD-3-Clause"],"authors":[{"name":"Nikita Popov"}],"source":{"type":"git","url":"https:\/\/github.com\/nikic\/PHP-Parser.git","reference":"1e5e280ae88a27effa2ae4aa2bd088494ed8594f"},"dist":{"type":"zip","url":"https:\/\/api.github.com\/repos\/nikic\/PHP-Parser\/zipball\/1e5e280ae88a27effa2ae4aa2bd088494ed8594f","reference":"1e5e280ae88a27effa2ae4aa2bd088494ed8594f","shasum":""},"type":"library","time":"2013-08-25T17:11:40+00:00","autoload":{"psr-0":{"PHPParser":"lib\/"}},"extra":{"branch-alias":{"dev-master":"0.9-dev"}},"require":{"php":">=5.2"},"uid":79529},"v0.9.5":{"name":"nikic\/php-parser","description":"A PHP parser written in PHP","keywords":["php","parser"],"homepage":"","version":"v0.9.5","version_normalized":"0.9.5.0","license":["BSD-3-Clause"],"authors":[{"name":"Nikita Popov"}],"source":{"type":"git","url":"https:\/\/github.com\/nikic\/PHP-Parser.git","reference":"ef70767475434bdb3615b43c327e2cae17ef12eb"},"dist":{"type":"zip","url":"https:\/\/api.github.com\/repos\/nikic\/PHP-Parser\/zipball\/ef70767475434bdb3615b43c327e2cae17ef12eb","reference":"ef70767475434bdb3615b43c327e2cae17ef12eb","shasum":""},"type":"library","time":"2014-07-23T18:24:17+00:00","autoload":{"psr-0":{"PHPParser":"lib\/"}},"extra":{"branch-alias":{"dev-master":"0.9-dev"}},"require":{"php":">=5.2","ext-tokenizer":"*"},"uid":206119},"v1.0.0":{"name":"nikic\/php-parser","description":"A PHP parser written in PHP","keywords":["php","parser"],"homepage":"","version":"v1.0.0","version_normalized":"1.0.0.0","license":["BSD-3-Clause"],"authors":[{"name":"Nikita Popov"}],"source":{"type":"git","url":"https:\/\/github.com\/nikic\/PHP-Parser.git","reference":"2b96ab8edccd5a0d0e7a826a7dc53c421ae64f94"},"dist":{"type":"zip","url":"https:\/\/api.github.com\/repos\/nikic\/PHP-Parser\/zipball\/2b96ab8edccd5a0d0e7a826a7dc53c421ae64f94","reference":"2b96ab8edccd5a0d0e7a826a7dc53c421ae64f94","shasum":""},"type":"library","time":"2014-09-12T12:48:23+00:00","autoload":{"files":["lib\/bootstrap.php"]},"extra":{"branch-alias":{"dev-master":"1.0-dev"}},"require":{"php":">=5.3","ext-tokenizer":"*"},"uid":233860},"v1.0.0beta1":{"name":"nikic\/php-parser","description":"A PHP parser written in PHP","keywords":["php","parser"],"homepage":"","version":"v1.0.0beta1","version_normalized":"1.0.0.0-beta1","license":["BSD-3-Clause"],"authors":[{"name":"Nikita Popov"}],"source":{"type":"git","url":"https:\/\/github.com\/nikic\/PHP-Parser.git","reference":"a6d46c17b10d89f35a92fa4b8fb5071615bfb36c"},"dist":{"type":"zip","url":"https:\/\/api.github.com\/repos\/nikic\/PHP-Parser\/zipball\/a6d46c17b10d89f35a92fa4b8fb5071615bfb36c","reference":"a6d46c17b10d89f35a92fa4b8fb5071615bfb36c","shasum":""},"type":"library","time":"2014-03-27T13:12:13+00:00","autoload":{"files":["lib\/bootstrap.php"]},"extra":{"branch-alias":{"dev-master":"1.0-dev"}},"require":{"php":">=5.3","ext-tokenizer":"*"},"uid":151010},"v1.0.0beta2":{"name":"nikic\/php-parser","description":"A PHP parser written in PHP","keywords":["php","parser"],"homepage":"","version":"v1.0.0beta2","version_normalized":"1.0.0.0-beta2","license":["BSD-3-Clause"],"authors":[{"name":"Nikita Popov"}],"source":{"type":"git","url":"https:\/\/github.com\/nikic\/PHP-Parser.git","reference":"b31f36bf89b0ddf009725c269a28362ddd83e956"},"dist":{"type":"zip","url":"https:\/\/api.github.com\/repos\/nikic\/PHP-Parser\/zipball\/b31f36bf89b0ddf009725c269a28362ddd83e956","reference":"b31f36bf89b0ddf009725c269a28362ddd83e956","shasum":""},"type":"library","time":"2014-08-31T14:54:25+00:00","autoload":{"files":["lib\/bootstrap.php"]},"extra":{"branch-alias":{"dev-master":"1.0-dev"}},"require":{"php":">=5.3","ext-tokenizer":"*"},"uid":226856},"v1.0.1":{"name":"nikic\/php-parser","description":"A PHP parser written in PHP","keywords":["php","parser"],"homepage":"","version":"v1.0.1","version_normalized":"1.0.1.0","license":["BSD-3-Clause"],"authors":[{"name":"Nikita Popov"}],"source":{"type":"git","url":"https:\/\/github.com\/nikic\/PHP-Parser.git","reference":"b9a60372f26356feb85b4b9ca50a395a5f0d7f34"},"dist":{"type":"zip","url":"https:\/\/api.github.com\/repos\/nikic\/PHP-Parser\/zipball\/b9a60372f26356feb85b4b9ca50a395a5f0d7f34","reference":"b9a60372f26356feb85b4b9ca50a395a5f0d7f34","shasum":""},"type":"library","time":"2014-10-14T19:40:07+00:00","autoload":{"files":["lib\/bootstrap.php"]},"extra":{"branch-alias":{"dev-master":"1.0-dev"}},"require":{"php":">=5.3","ext-tokenizer":"*"},"uid":250715},"v1.0.2":{"name":"nikic\/php-parser","description":"A PHP parser written in PHP","keywords":["php","parser"],"homepage":"","version":"v1.0.2","version_normalized":"1.0.2.0","license":["BSD-3-Clause"],"authors":[{"name":"Nikita Popov"}],"source":{"type":"git","url":"https:\/\/github.com\/nikic\/PHP-Parser.git","reference":"a8ffc6fcfcbae268656c8acf1298e378ac1ee5f1"},"dist":{"type":"zip","url":"https:\/\/api.github.com\/repos\/nikic\/PHP-Parser\/zipball\/a8ffc6fcfcbae268656c8acf1298e378ac1ee5f1","reference":"a8ffc6fcfcbae268656c8acf1298e378ac1ee5f1","shasum":""},"type":"library","time":"2014-11-04T22:12:46+00:00","autoload":{"files":["lib\/bootstrap.php"]},"extra":{"branch-alias":{"dev-master":"1.0-dev"}},"require":{"php":">=5.3","ext-tokenizer":"*"},"uid":263379},"v1.1.0":{"name":"nikic\/php-parser","description":"A PHP parser written in PHP","keywords":["php","parser"],"homepage":"","version":"v1.1.0","version_normalized":"1.1.0.0","license":["BSD-3-Clause"],"authors":[{"name":"Nikita Popov"}],"source":{"type":"git","url":"https:\/\/github.com\/nikic\/PHP-Parser.git","reference":"ac05ef6f95bf8361549604b6031c115f92f39528"},"dist":{"type":"zip","url":"https:\/\/api.github.com\/repos\/nikic\/PHP-Parser\/zipball\/ac05ef6f95bf8361549604b6031c115f92f39528","reference":"ac05ef6f95bf8361549604b6031c115f92f39528","shasum":""},"type":"library","time":"2015-01-18T11:29:59+00:00","autoload":{"files":["lib\/bootstrap.php"]},"extra":{"branch-alias":{"dev-master":"1.0-dev"}},"require":{"php":">=5.3","ext-tokenizer":"*"},"uid":308698},"v1.2.0":{"name":"nikic\/php-parser","description":"A PHP parser written in PHP","keywords":["php","parser"],"homepage":"","version":"v1.2.0","version_normalized":"1.2.0.0","license":["BSD-3-Clause"],"authors":[{"name":"Nikita Popov"}],"source":{"type":"git","url":"https:\/\/github.com\/nikic\/PHP-Parser.git","reference":"edbf162e4cf116102d95eb635608b7d310cc01c6"},"dist":{"type":"zip","url":"https:\/\/api.github.com\/repos\/nikic\/PHP-Parser\/zipball\/edbf162e4cf116102d95eb635608b7d310cc01c6","reference":"edbf162e4cf116102d95eb635608b7d310cc01c6","shasum":""},"type":"library","time":"2015-03-22T16:17:25+00:00","autoload":{"files":["lib\/bootstrap.php"]},"extra":{"branch-alias":{"dev-master":"1.2-dev"}},"require":{"php":">=5.3","ext-tokenizer":"*"},"uid":363182},"v1.2.1":{"name":"nikic\/php-parser","description":"A PHP parser written in PHP","keywords":["php","parser"],"homepage":"","version":"v1.2.1","version_normalized":"1.2.1.0","license":["BSD-3-Clause"],"authors":[{"name":"Nikita Popov"}],"source":{"type":"git","url":"https:\/\/github.com\/nikic\/PHP-Parser.git","reference":"dba7524b3724f25b947cd26a580787c55c8a6f9b"},"dist":{"type":"zip","url":"https:\/\/api.github.com\/repos\/nikic\/PHP-Parser\/zipball\/dba7524b3724f25b947cd26a580787c55c8a6f9b","reference":"dba7524b3724f25b947cd26a580787c55c8a6f9b","shasum":""},"type":"library","time":"2015-03-24T19:10:28+00:00","autoload":{"files":["lib\/bootstrap.php"]},"extra":{"branch-alias":{"dev-master":"1.2-dev"}},"require":{"php":">=5.3","ext-tokenizer":"*"},"uid":365053},"v1.2.2":{"name":"nikic\/php-parser","description":"A PHP parser written in PHP","keywords":["php","parser"],"homepage":"","version":"v1.2.2","version_normalized":"1.2.2.0","license":["BSD-3-Clause"],"authors":[{"name":"Nikita Popov"}],"source":{"type":"git","url":"https:\/\/github.com\/nikic\/PHP-Parser.git","reference":"08f97eb4efa029e2fafb6d8c98b71731bf0cf621"},"dist":{"type":"zip","url":"https:\/\/api.github.com\/repos\/nikic\/PHP-Parser\/zipball\/08f97eb4efa029e2fafb6d8c98b71731bf0cf621","reference":"08f97eb4efa029e2fafb6d8c98b71731bf0cf621","shasum":""},"type":"library","time":"2015-04-03T14:33:59+00:00","autoload":{"files":["lib\/bootstrap.php"]},"extra":{"branch-alias":{"dev-master":"1.2-dev"}},"require":{"php":">=5.3","ext-tokenizer":"*"},"uid":373596},"v1.3.0":{"name":"nikic\/php-parser","description":"A PHP parser written in PHP","keywords":["php","parser"],"homepage":"","version":"v1.3.0","version_normalized":"1.3.0.0","license":["BSD-3-Clause"],"authors":[{"name":"Nikita Popov"}],"source":{"type":"git","url":"https:\/\/github.com\/nikic\/PHP-Parser.git","reference":"dff239267fd1befa1cd40430c9ed12591aa720ca"},"dist":{"type":"zip","url":"https:\/\/api.github.com\/repos\/nikic\/PHP-Parser\/zipball\/dff239267fd1befa1cd40430c9ed12591aa720ca","reference":"dff239267fd1befa1cd40430c9ed12591aa720ca","shasum":""},"type":"library","time":"2015-05-02T15:40:40+00:00","autoload":{"files":["lib\/bootstrap.php"]},"extra":{"branch-alias":{"dev-master":"1.3-dev"}},"require":{"php":">=5.3","ext-tokenizer":"*"},"uid":396534},"v1.4.0":{"name":"nikic\/php-parser","description":"A PHP parser written in PHP","keywords":["php","parser"],"homepage":"","version":"v1.4.0","version_normalized":"1.4.0.0","license":["BSD-3-Clause"],"authors":[{"name":"Nikita Popov"}],"source":{"type":"git","url":"https:\/\/github.com\/nikic\/PHP-Parser.git","reference":"196f177cfefa0f1f7166c0a05d8255889be12418"},"dist":{"type":"zip","url":"https:\/\/api.github.com\/repos\/nikic\/PHP-Parser\/zipball\/196f177cfefa0f1f7166c0a05d8255889be12418","reference":"196f177cfefa0f1f7166c0a05d8255889be12418","shasum":""},"type":"library","time":"2015-07-14T17:31:05+00:00","autoload":{"files":["lib\/bootstrap.php"]},"extra":{"branch-alias":{"dev-master":"1.4-dev"}},"require":{"php":">=5.3","ext-tokenizer":"*"},"uid":461874},"v2.0.0alpha1":{"name":"nikic\/php-parser","description":"A PHP parser written in PHP","keywords":["php","parser"],"homepage":"","version":"v2.0.0alpha1","version_normalized":"2.0.0.0-alpha1","license":["BSD-3-Clause"],"authors":[{"name":"Nikita Popov"}],"source":{"type":"git","url":"https:\/\/github.com\/nikic\/PHP-Parser.git","reference":"e0a75ededaecccee2f083f951f4611ef95f6a562"},"dist":{"type":"zip","url":"https:\/\/api.github.com\/repos\/nikic\/PHP-Parser\/zipball\/e0a75ededaecccee2f083f951f4611ef95f6a562","reference":"e0a75ededaecccee2f083f951f4611ef95f6a562","shasum":""},"type":"library","time":"2015-07-14T19:13:42+00:00","autoload":{"files":["lib\/bootstrap.php"]},"extra":{"branch-alias":{"dev-master":"2.0-dev"}},"require":{"php":">=5.4","ext-tokenizer":"*"},"uid":461965}}}}