{"packages":{"sebastian\/global-state":{"1.0.0":{"name":"sebastian\/global-state","description":"Snapshotting of global state","keywords":["global state"],"homepage":"http:\/\/www.github.com\/sebastianbergmann\/global-state","version":"1.0.0","version_normalized":"1.0.0.0","license":["BSD-3-Clause"],"authors":[{"name":"Sebastian Bergmann","email":"sebastian@phpunit.de"}],"source":{"type":"git","url":"https:\/\/github.com\/sebastianbergmann\/global-state.git","reference":"c7428acdb62ece0a45e6306f1ae85e1c05b09c01"},"dist":{"type":"zip","url":"https:\/\/api.github.com\/repos\/sebastianbergmann\/global-state\/zipball\/c7428acdb62ece0a45e6306f1ae85e1c05b09c01","reference":"c7428acdb62ece0a45e6306f1ae85e1c05b09c01","shasum":""},"type":"library","time":"2014-10-06T09:23:50+00:00","autoload":{"classmap":["src\/"]},"extra":{"branch-alias":{"dev-master":"1.0-dev"}},"require":{"php":">=5.3.3"},"require-dev":{"phpunit\/phpunit":"~4.2"},"suggest":{"ext-uopz":"*"},"uid":281008},"dev-master":{"name":"sebastian\/global-state","description":"Snapshotting of global state","keywords":["global state"],"homepage":"http:\/\/www.github.com\/sebastianbergmann\/global-state","version":"dev-master","version_normalized":"9999999-dev","license":["BSD-3-Clause"],"authors":[{"name":"Sebastian Bergmann","email":"sebastian@phpunit.de"}],"source":{"type":"git","url":"https:\/\/github.com\/sebastianbergmann\/global-state.git","reference":"23af31f402993cfd94e99cbc4b782e9a78eb0e97"},"dist":{"type":"zip","url":"https:\/\/api.github.com\/repos\/sebastianbergmann\/global-state\/zipball\/23af31f402993cfd94e99cbc4b782e9a78eb0e97","reference":"23af31f402993cfd94e99cbc4b782e9a78eb0e97","shasum":""},"type":"library","time":"2015-06-21T15:11:22+00:00","autoload":{"classmap":["src\/"]},"extra":{"branch-alias":{"dev-master":"1.0-dev"}},"require":{"php":">=5.3.3"},"require-dev":{"phpunit\/phpunit":"~4.2"},"suggest":{"ext-uopz":"*"},"uid":222108}}}}