{"packages":{"ageras\/framework":{"5.1.x-dev":{"name":"ageras\/framework","description":"Ageras' version of The Laravel Framework","keywords":["framework","ageras"],"homepage":"http:\/\/ageras.com","version":"5.1.x-dev","version_normalized":"5.1.9999999.9999999-dev","license":["MIT"],"authors":[],"source":{"type":"git","url":"https:\/\/github.com\/AgerasCom\/framework.git","reference":"ac1457cf01d1f47494d0646942a054f07593bece"},"dist":{"type":"zip","url":"https:\/\/api.github.com\/repos\/AgerasCom\/framework\/zipball\/ac1457cf01d1f47494d0646942a054f07593bece","reference":"ac1457cf01d1f47494d0646942a054f07593bece","shasum":""},"type":"library","time":"2015-07-24T08:35:11+00:00","autoload":{"classmap":["src\/Illuminate\/Queue\/IlluminateQueueClosure.php"],"files":["src\/Illuminate\/Foundation\/helpers.php","src\/Illuminate\/Support\/helpers.php"],"psr-4":{"Illuminate\\":"src\/Illuminate\/"}},"extra":{"branch-alias":{"dev-master":"5.1-dev"}},"require":{"php":">=5.5.9","ext-mbstring":"*","ext-openssl":"*","classpreloader\/classpreloader":"~2.0","danielstjules\/stringy":"~1.8","doctrine\/inflector":"~1.0","jeremeamia\/superclosure":"~2.0","league\/flysystem":"~1.0","monolog\/monolog":"~1.11","mtdowling\/cron-expression":"~1.0","nesbot\/carbon":"~1.19","psy\/psysh":"~0.5.1","swiftmailer\/swiftmailer":"~5.1","symfony\/console":"2.7.*","symfony\/css-selector":"2.7.*","symfony\/debug":"2.7.*","symfony\/dom-crawler":"2.7.*","symfony\/finder":"2.7.*","symfony\/http-foundation":"2.7.*","symfony\/http-kernel":"2.7.*","symfony\/process":"2.7.*","symfony\/routing":"2.7.*","symfony\/translation":"2.7.*","symfony\/var-dumper":"2.7.*","vlucas\/phpdotenv":"~1.0"},"require-dev":{"aws\/aws-sdk-php":"~3.0","iron-io\/iron_mq":"~2.0","mockery\/mockery":"~0.9.1","pda\/pheanstalk":"~3.0","phpunit\/phpunit":"~4.0","predis\/predis":"~1.0"},"suggest":{"aws\/aws-sdk-php":"Required to use the SQS queue driver and SES mail driver (~3.0).","doctrine\/dbal":"Required to rename columns and drop SQLite columns (~2.4).","fzaninotto\/faker":"Required to use the eloquent factory builder (~1.4).","guzzlehttp\/guzzle":"Required to use the Mailgun and Mandrill mail drivers (~5.3|~6.0).","iron-io\/iron_mq":"Required to use the iron queue driver (~2.0).","league\/flysystem-aws-s3-v3":"Required to use the Flysystem S3 driver (~1.0).","league\/flysystem-rackspace":"Required to use the Flysystem Rackspace driver (~1.0).","pda\/pheanstalk":"Required to use the beanstalk queue driver (~3.0).","predis\/predis":"Required to use the redis cache and queue drivers (~1.0).","pusher\/pusher-php-server":"Required to use the Pusher broadcast driver (~2.0)."},"replace":{"illuminate\/auth":"self.version","illuminate\/bus":"self.version","illuminate\/broadcasting":"self.version","illuminate\/cache":"self.version","illuminate\/config":"self.version","illuminate\/console":"self.version","illuminate\/container":"self.version","illuminate\/contracts":"self.version","illuminate\/cookie":"self.version","illuminate\/database":"self.version","illuminate\/encryption":"self.version","illuminate\/events":"self.version","illuminate\/exception":"self.version","illuminate\/filesystem":"self.version","illuminate\/foundation":"self.version","illuminate\/hashing":"self.version","illuminate\/http":"self.version","illuminate\/log":"self.version","illuminate\/mail":"self.version","illuminate\/pagination":"self.version","illuminate\/pipeline":"self.version","illuminate\/queue":"self.version","illuminate\/redis":"self.version","illuminate\/routing":"self.version","illuminate\/session":"self.version","illuminate\/support":"self.version","illuminate\/translation":"self.version","illuminate\/validation":"self.version","illuminate\/view":"self.version"},"uid":471475},"dev-master":{"name":"ageras\/framework","description":"The Laravel Framework.","keywords":["framework","laravel"],"homepage":"http:\/\/laravel.com","version":"dev-master","version_normalized":"9999999-dev","license":["MIT"],"authors":[{"name":"Taylor Otwell","email":"taylorotwell@gmail.com"}],"source":{"type":"git","url":"https:\/\/github.com\/AgerasCom\/framework.git","reference":"f424d3e86f87268a6cd0ac05e00f354b977cda15"},"dist":{"type":"zip","url":"https:\/\/api.github.com\/repos\/AgerasCom\/framework\/zipball\/f424d3e86f87268a6cd0ac05e00f354b977cda15","reference":"f424d3e86f87268a6cd0ac05e00f354b977cda15","shasum":""},"type":"library","time":"2015-07-18T02:58:46+00:00","autoload":{"classmap":["src\/Illuminate\/Queue\/IlluminateQueueClosure.php"],"files":["src\/Illuminate\/Foundation\/helpers.php","src\/Illuminate\/Support\/helpers.php"],"psr-4":{"Illuminate\\":"src\/Illuminate\/"}},"extra":{"branch-alias":{"dev-master":"5.2-dev"}},"require":{"php":">=5.5.9","ext-mbstring":"*","ext-openssl":"*","classpreloader\/classpreloader":"~2.0","danielstjules\/stringy":"~1.8","doctrine\/inflector":"~1.0","jeremeamia\/superclosure":"~2.0","league\/flysystem":"~1.0","monolog\/monolog":"~1.11","mtdowling\/cron-expression":"~1.0","nesbot\/carbon":"~1.20","psy\/psysh":"~0.5.1","swiftmailer\/swiftmailer":"~5.1","symfony\/console":"3.0.*","symfony\/css-selector":"3.0.*","symfony\/debug":"3.0.*","symfony\/dom-crawler":"3.0.*","symfony\/finder":"3.0.*","symfony\/http-foundation":"3.0.*","symfony\/http-kernel":"3.0.*","symfony\/process":"3.0.*","symfony\/routing":"3.0.*","symfony\/translation":"3.0.*","symfony\/var-dumper":"3.0.*","vlucas\/phpdotenv":"~1.0"},"require-dev":{"aws\/aws-sdk-php":"~3.0","iron-io\/iron_mq":"~2.0","mockery\/mockery":"~0.9.1","pda\/pheanstalk":"~3.0","phpunit\/phpunit":"~4.0","predis\/predis":"~1.0"},"suggest":{"aws\/aws-sdk-php":"Required to use the SQS queue driver and SES mail driver (~3.0).","doctrine\/dbal":"Required to rename columns and drop SQLite columns (~2.4).","fzaninotto\/faker":"Required to use the eloquent factory builder (~1.4).","guzzlehttp\/guzzle":"Required to use the Mailgun and Mandrill mail drivers (~6.0).","iron-io\/iron_mq":"Required to use the iron queue driver (~2.0).","league\/flysystem-aws-s3-v3":"Required to use the Flysystem S3 driver (~1.0).","league\/flysystem-rackspace":"Required to use the Flysystem Rackspace driver (~1.0).","pda\/pheanstalk":"Required to use the beanstalk queue driver (~3.0).","predis\/predis":"Required to use the redis cache and queue drivers (~1.0).","pusher\/pusher-php-server":"Required to use the Pusher broadcast driver (~2.0)."},"replace":{"illuminate\/auth":"self.version","illuminate\/bus":"self.version","illuminate\/broadcasting":"self.version","illuminate\/cache":"self.version","illuminate\/config":"self.version","illuminate\/console":"self.version","illuminate\/container":"self.version","illuminate\/contracts":"self.version","illuminate\/cookie":"self.version","illuminate\/database":"self.version","illuminate\/encryption":"self.version","illuminate\/events":"self.version","illuminate\/exception":"self.version","illuminate\/filesystem":"self.version","illuminate\/foundation":"self.version","illuminate\/hashing":"self.version","illuminate\/http":"self.version","illuminate\/log":"self.version","illuminate\/mail":"self.version","illuminate\/pagination":"self.version","illuminate\/pipeline":"self.version","illuminate\/queue":"self.version","illuminate\/redis":"self.version","illuminate\/routing":"self.version","illuminate\/session":"self.version","illuminate\/support":"self.version","illuminate\/translation":"self.version","illuminate\/validation":"self.version","illuminate\/view":"self.version"},"uid":471470},"v5.1.0":{"name":"ageras\/framework","description":"The Laravel Framework.","keywords":["framework","laravel"],"homepage":"http:\/\/laravel.com","version":"v5.1.0","version_normalized":"5.1.0.0","license":["MIT"],"authors":[{"name":"Taylor Otwell","email":"taylorotwell@gmail.com"}],"source":{"type":"git","url":"https:\/\/github.com\/AgerasCom\/framework.git","reference":"a423a55ed6601daebcbb75817de6d06b4d670a70"},"dist":{"type":"zip","url":"https:\/\/api.github.com\/repos\/AgerasCom\/framework\/zipball\/a423a55ed6601daebcbb75817de6d06b4d670a70","reference":"a423a55ed6601daebcbb75817de6d06b4d670a70","shasum":""},"type":"library","time":"2015-06-09T13:05:05+00:00","autoload":{"classmap":["src\/Illuminate\/Queue\/IlluminateQueueClosure.php"],"files":["src\/Illuminate\/Foundation\/helpers.php","src\/Illuminate\/Support\/helpers.php"],"psr-4":{"Illuminate\\":"src\/Illuminate\/"}},"extra":{"branch-alias":{"dev-master":"5.1-dev"}},"require":{"php":">=5.5.9","ext-mbstring":"*","ext-openssl":"*","classpreloader\/classpreloader":"~1.2","danielstjules\/stringy":"~1.8","doctrine\/inflector":"~1.0","jeremeamia\/superclosure":"~2.0","league\/flysystem":"~1.0","monolog\/monolog":"~1.11","mtdowling\/cron-expression":"~1.0","nesbot\/carbon":"~1.19","psy\/psysh":"0.4.*","swiftmailer\/swiftmailer":"~5.1","symfony\/console":"2.7.*","symfony\/css-selector":"2.7.*","symfony\/debug":"2.7.*","symfony\/dom-crawler":"2.7.*","symfony\/finder":"2.7.*","symfony\/http-foundation":"2.7.*","symfony\/http-kernel":"2.7.*","symfony\/process":"2.7.*","symfony\/routing":"2.7.*","symfony\/translation":"2.7.*","symfony\/var-dumper":"2.7.*","vlucas\/phpdotenv":"~1.0"},"require-dev":{"aws\/aws-sdk-php":"~3.0","iron-io\/iron_mq":"~2.0","mockery\/mockery":"~0.9.1","pda\/pheanstalk":"~3.0","phpunit\/phpunit":"~4.0","predis\/predis":"~1.0"},"suggest":{"aws\/aws-sdk-php":"Required to use the SQS queue driver and SES mail driver (~3.0).","doctrine\/dbal":"Required to rename columns and drop SQLite columns (~2.4).","fzaninotto\/faker":"Required to use the eloquent factory builder (~1.4).","guzzlehttp\/guzzle":"Required to use the Mailgun and Mandrill mail drivers (~5.3|~6.0).","iron-io\/iron_mq":"Required to use the iron queue driver (~2.0).","league\/flysystem-aws-s3-v3":"Required to use the Flysystem S3 driver (~1.0).","league\/flysystem-rackspace":"Required to use the Flysystem Rackspace driver (~1.0).","pda\/pheanstalk":"Required to use the beanstalk queue driver (~3.0).","predis\/predis":"Required to use the redis cache and queue drivers (~1.0).","pusher\/pusher-php-server":"Required to use the Pusher broadcast driver (~2.0)."},"replace":{"illuminate\/auth":"self.version","illuminate\/bus":"self.version","illuminate\/broadcasting":"self.version","illuminate\/cache":"self.version","illuminate\/config":"self.version","illuminate\/console":"self.version","illuminate\/container":"self.version","illuminate\/contracts":"self.version","illuminate\/cookie":"self.version","illuminate\/database":"self.version","illuminate\/encryption":"self.version","illuminate\/events":"self.version","illuminate\/exception":"self.version","illuminate\/filesystem":"self.version","illuminate\/foundation":"self.version","illuminate\/hashing":"self.version","illuminate\/http":"self.version","illuminate\/log":"self.version","illuminate\/mail":"self.version","illuminate\/pagination":"self.version","illuminate\/pipeline":"self.version","illuminate\/queue":"self.version","illuminate\/redis":"self.version","illuminate\/routing":"self.version","illuminate\/session":"self.version","illuminate\/support":"self.version","illuminate\/translation":"self.version","illuminate\/validation":"self.version","illuminate\/view":"self.version"},"uid":471461},"v5.1.1":{"name":"ageras\/framework","description":"The Laravel Framework.","keywords":["framework","laravel"],"homepage":"http:\/\/laravel.com","version":"v5.1.1","version_normalized":"5.1.1.0","license":["MIT"],"authors":[{"name":"Taylor Otwell","email":"taylorotwell@gmail.com"}],"source":{"type":"git","url":"https:\/\/github.com\/AgerasCom\/framework.git","reference":"3a44db7e70146dc1282b39887b5faa67c8583015"},"dist":{"type":"zip","url":"https:\/\/api.github.com\/repos\/AgerasCom\/framework\/zipball\/3a44db7e70146dc1282b39887b5faa67c8583015","reference":"3a44db7e70146dc1282b39887b5faa67c8583015","shasum":""},"type":"library","time":"2015-06-09T14:13:59+00:00","autoload":{"classmap":["src\/Illuminate\/Queue\/IlluminateQueueClosure.php"],"files":["src\/Illuminate\/Foundation\/helpers.php","src\/Illuminate\/Support\/helpers.php"],"psr-4":{"Illuminate\\":"src\/Illuminate\/"}},"extra":{"branch-alias":{"dev-master":"5.1-dev"}},"require":{"classpreloader\/classpreloader":"~1.2","danielstjules\/stringy":"~1.8","doctrine\/inflector":"~1.0","ext-mbstring":"*","ext-openssl":"*","jeremeamia\/superclosure":"~2.0","league\/flysystem":"~1.0","monolog\/monolog":"~1.11","mtdowling\/cron-expression":"~1.0","nesbot\/carbon":"~1.19","php":">=5.5.9","psy\/psysh":"0.4.*","swiftmailer\/swiftmailer":"~5.1","symfony\/console":"2.7.*","symfony\/css-selector":"2.7.*","symfony\/debug":"2.7.*","symfony\/dom-crawler":"2.7.*","symfony\/finder":"2.7.*","symfony\/http-foundation":"2.7.*","symfony\/http-kernel":"2.7.*","symfony\/process":"2.7.*","symfony\/routing":"2.7.*","symfony\/translation":"2.7.*","symfony\/var-dumper":"2.7.*","vlucas\/phpdotenv":"~1.0"},"require-dev":{"aws\/aws-sdk-php":"~3.0","iron-io\/iron_mq":"~2.0","mockery\/mockery":"~0.9.1","pda\/pheanstalk":"~3.0","phpunit\/phpunit":"~4.0","predis\/predis":"~1.0"},"suggest":{"aws\/aws-sdk-php":"Required to use the SQS queue driver and SES mail driver (~3.0).","doctrine\/dbal":"Required to rename columns and drop SQLite columns (~2.4).","fzaninotto\/faker":"Required to use the eloquent factory builder (~1.4).","guzzlehttp\/guzzle":"Required to use the Mailgun and Mandrill mail drivers (~5.3|~6.0).","iron-io\/iron_mq":"Required to use the iron queue driver (~2.0).","league\/flysystem-aws-s3-v3":"Required to use the Flysystem S3 driver (~1.0).","league\/flysystem-rackspace":"Required to use the Flysystem Rackspace driver (~1.0).","pda\/pheanstalk":"Required to use the beanstalk queue driver (~3.0).","predis\/predis":"Required to use the redis cache and queue drivers (~1.0).","pusher\/pusher-php-server":"Required to use the Pusher broadcast driver (~2.0)."},"replace":{"illuminate\/auth":"self.version","illuminate\/bus":"self.version","illuminate\/broadcasting":"self.version","illuminate\/cache":"self.version","illuminate\/config":"self.version","illuminate\/console":"self.version","illuminate\/container":"self.version","illuminate\/contracts":"self.version","illuminate\/cookie":"self.version","illuminate\/database":"self.version","illuminate\/encryption":"self.version","illuminate\/events":"self.version","illuminate\/exception":"self.version","illuminate\/filesystem":"self.version","illuminate\/foundation":"self.version","illuminate\/hashing":"self.version","illuminate\/http":"self.version","illuminate\/log":"self.version","illuminate\/mail":"self.version","illuminate\/pagination":"self.version","illuminate\/pipeline":"self.version","illuminate\/queue":"self.version","illuminate\/redis":"self.version","illuminate\/routing":"self.version","illuminate\/session":"self.version","illuminate\/support":"self.version","illuminate\/translation":"self.version","illuminate\/validation":"self.version","illuminate\/view":"self.version"},"uid":471462},"v5.1.2":{"name":"ageras\/framework","description":"The Laravel Framework.","keywords":["framework","laravel"],"homepage":"http:\/\/laravel.com","version":"v5.1.2","version_normalized":"5.1.2.0","license":["MIT"],"authors":[{"name":"Taylor Otwell","email":"taylorotwell@gmail.com"}],"source":{"type":"git","url":"https:\/\/github.com\/AgerasCom\/framework.git","reference":"65a3a4ca4b20083517a9e2effa6a86a49f3e9c96"},"dist":{"type":"zip","url":"https:\/\/api.github.com\/repos\/AgerasCom\/framework\/zipball\/65a3a4ca4b20083517a9e2effa6a86a49f3e9c96","reference":"65a3a4ca4b20083517a9e2effa6a86a49f3e9c96","shasum":""},"type":"library","time":"2015-06-15T18:25:50+00:00","autoload":{"classmap":["src\/Illuminate\/Queue\/IlluminateQueueClosure.php"],"files":["src\/Illuminate\/Foundation\/helpers.php","src\/Illuminate\/Support\/helpers.php"],"psr-4":{"Illuminate\\":"src\/Illuminate\/"}},"extra":{"branch-alias":{"dev-master":"5.1-dev"}},"require":{"php":">=5.5.9","ext-mbstring":"*","ext-openssl":"*","classpreloader\/classpreloader":"~1.2","danielstjules\/stringy":"~1.8","doctrine\/inflector":"~1.0","jeremeamia\/superclosure":"~2.0","league\/flysystem":"~1.0","monolog\/monolog":"~1.11","mtdowling\/cron-expression":"~1.0","nesbot\/carbon":"~1.19","psy\/psysh":"0.4.*","swiftmailer\/swiftmailer":"~5.1","symfony\/console":"2.7.*","symfony\/css-selector":"2.7.*","symfony\/debug":"2.7.*","symfony\/dom-crawler":"2.7.*","symfony\/finder":"2.7.*","symfony\/http-foundation":"2.7.*","symfony\/http-kernel":"2.7.*","symfony\/process":"2.7.*","symfony\/routing":"2.7.*","symfony\/translation":"2.7.*","symfony\/var-dumper":"2.7.*","vlucas\/phpdotenv":"~1.0"},"require-dev":{"aws\/aws-sdk-php":"~3.0","iron-io\/iron_mq":"~2.0","mockery\/mockery":"~0.9.1","pda\/pheanstalk":"~3.0","phpunit\/phpunit":"~4.0","predis\/predis":"~1.0"},"suggest":{"aws\/aws-sdk-php":"Required to use the SQS queue driver and SES mail driver (~3.0).","doctrine\/dbal":"Required to rename columns and drop SQLite columns (~2.4).","fzaninotto\/faker":"Required to use the eloquent factory builder (~1.4).","guzzlehttp\/guzzle":"Required to use the Mailgun and Mandrill mail drivers (~5.3|~6.0).","iron-io\/iron_mq":"Required to use the iron queue driver (~2.0).","league\/flysystem-aws-s3-v3":"Required to use the Flysystem S3 driver (~1.0).","league\/flysystem-rackspace":"Required to use the Flysystem Rackspace driver (~1.0).","pda\/pheanstalk":"Required to use the beanstalk queue driver (~3.0).","predis\/predis":"Required to use the redis cache and queue drivers (~1.0).","pusher\/pusher-php-server":"Required to use the Pusher broadcast driver (~2.0)."},"replace":{"illuminate\/auth":"self.version","illuminate\/bus":"self.version","illuminate\/broadcasting":"self.version","illuminate\/cache":"self.version","illuminate\/config":"self.version","illuminate\/console":"self.version","illuminate\/container":"self.version","illuminate\/contracts":"self.version","illuminate\/cookie":"self.version","illuminate\/database":"self.version","illuminate\/encryption":"self.version","illuminate\/events":"self.version","illuminate\/exception":"self.version","illuminate\/filesystem":"self.version","illuminate\/foundation":"self.version","illuminate\/hashing":"self.version","illuminate\/http":"self.version","illuminate\/log":"self.version","illuminate\/mail":"self.version","illuminate\/pagination":"self.version","illuminate\/pipeline":"self.version","illuminate\/queue":"self.version","illuminate\/redis":"self.version","illuminate\/routing":"self.version","illuminate\/session":"self.version","illuminate\/support":"self.version","illuminate\/translation":"self.version","illuminate\/validation":"self.version","illuminate\/view":"self.version"},"uid":471463},"v5.1.3":{"name":"ageras\/framework","description":"The Laravel Framework.","keywords":["framework","laravel"],"homepage":"http:\/\/laravel.com","version":"v5.1.3","version_normalized":"5.1.3.0","license":["MIT"],"authors":[{"name":"Taylor Otwell","email":"taylorotwell@gmail.com"}],"source":{"type":"git","url":"https:\/\/github.com\/AgerasCom\/framework.git","reference":"a7ebd043ca178c05cc7946ece03d3a268a5a3f84"},"dist":{"type":"zip","url":"https:\/\/api.github.com\/repos\/AgerasCom\/framework\/zipball\/a7ebd043ca178c05cc7946ece03d3a268a5a3f84","reference":"a7ebd043ca178c05cc7946ece03d3a268a5a3f84","shasum":""},"type":"library","time":"2015-06-24T19:38:07+00:00","autoload":{"classmap":["src\/Illuminate\/Queue\/IlluminateQueueClosure.php"],"files":["src\/Illuminate\/Foundation\/helpers.php","src\/Illuminate\/Support\/helpers.php"],"psr-4":{"Illuminate\\":"src\/Illuminate\/"}},"extra":{"branch-alias":{"dev-master":"5.1-dev"}},"require":{"php":">=5.5.9","ext-mbstring":"*","ext-openssl":"*","classpreloader\/classpreloader":"~1.2","danielstjules\/stringy":"~1.8","doctrine\/inflector":"~1.0","jeremeamia\/superclosure":"~2.0","league\/flysystem":"~1.0","monolog\/monolog":"~1.11","mtdowling\/cron-expression":"~1.0","nesbot\/carbon":"~1.19","psy\/psysh":"0.4.*","swiftmailer\/swiftmailer":"~5.1","symfony\/console":"2.7.*","symfony\/css-selector":"2.7.*","symfony\/debug":"2.7.*","symfony\/dom-crawler":"2.7.*","symfony\/finder":"2.7.*","symfony\/http-foundation":"2.7.*","symfony\/http-kernel":"2.7.*","symfony\/process":"2.7.*","symfony\/routing":"2.7.*","symfony\/translation":"2.7.*","symfony\/var-dumper":"2.7.*","vlucas\/phpdotenv":"~1.0"},"require-dev":{"aws\/aws-sdk-php":"~3.0","iron-io\/iron_mq":"~2.0","mockery\/mockery":"~0.9.1","pda\/pheanstalk":"~3.0","phpunit\/phpunit":"~4.0","predis\/predis":"~1.0"},"suggest":{"aws\/aws-sdk-php":"Required to use the SQS queue driver and SES mail driver (~3.0).","doctrine\/dbal":"Required to rename columns and drop SQLite columns (~2.4).","fzaninotto\/faker":"Required to use the eloquent factory builder (~1.4).","guzzlehttp\/guzzle":"Required to use the Mailgun and Mandrill mail drivers (~5.3|~6.0).","iron-io\/iron_mq":"Required to use the iron queue driver (~2.0).","league\/flysystem-aws-s3-v3":"Required to use the Flysystem S3 driver (~1.0).","league\/flysystem-rackspace":"Required to use the Flysystem Rackspace driver (~1.0).","pda\/pheanstalk":"Required to use the beanstalk queue driver (~3.0).","predis\/predis":"Required to use the redis cache and queue drivers (~1.0).","pusher\/pusher-php-server":"Required to use the Pusher broadcast driver (~2.0)."},"replace":{"illuminate\/auth":"self.version","illuminate\/bus":"self.version","illuminate\/broadcasting":"self.version","illuminate\/cache":"self.version","illuminate\/config":"self.version","illuminate\/console":"self.version","illuminate\/container":"self.version","illuminate\/contracts":"self.version","illuminate\/cookie":"self.version","illuminate\/database":"self.version","illuminate\/encryption":"self.version","illuminate\/events":"self.version","illuminate\/exception":"self.version","illuminate\/filesystem":"self.version","illuminate\/foundation":"self.version","illuminate\/hashing":"self.version","illuminate\/http":"self.version","illuminate\/log":"self.version","illuminate\/mail":"self.version","illuminate\/pagination":"self.version","illuminate\/pipeline":"self.version","illuminate\/queue":"self.version","illuminate\/redis":"self.version","illuminate\/routing":"self.version","illuminate\/session":"self.version","illuminate\/support":"self.version","illuminate\/translation":"self.version","illuminate\/validation":"self.version","illuminate\/view":"self.version"},"uid":471464},"v5.1.4":{"name":"ageras\/framework","description":"The Laravel Framework.","keywords":["framework","laravel"],"homepage":"http:\/\/laravel.com","version":"v5.1.4","version_normalized":"5.1.4.0","license":["MIT"],"authors":[{"name":"Taylor Otwell","email":"taylorotwell@gmail.com"}],"source":{"type":"git","url":"https:\/\/github.com\/AgerasCom\/framework.git","reference":"ef87627cc3a2ecb866214c5be593781016cd43b1"},"dist":{"type":"zip","url":"https:\/\/api.github.com\/repos\/AgerasCom\/framework\/zipball\/ef87627cc3a2ecb866214c5be593781016cd43b1","reference":"ef87627cc3a2ecb866214c5be593781016cd43b1","shasum":""},"type":"library","time":"2015-06-30T20:45:09+00:00","autoload":{"classmap":["src\/Illuminate\/Queue\/IlluminateQueueClosure.php"],"files":["src\/Illuminate\/Foundation\/helpers.php","src\/Illuminate\/Support\/helpers.php"],"psr-4":{"Illuminate\\":"src\/Illuminate\/"}},"extra":{"branch-alias":{"dev-master":"5.1-dev"}},"require":{"php":">=5.5.9","ext-mbstring":"*","ext-openssl":"*","classpreloader\/classpreloader":"~2.0","danielstjules\/stringy":"~1.8","doctrine\/inflector":"~1.0","jeremeamia\/superclosure":"~2.0","league\/flysystem":"~1.0","monolog\/monolog":"~1.11","mtdowling\/cron-expression":"~1.0","nesbot\/carbon":"~1.19","psy\/psysh":"0.4.*","swiftmailer\/swiftmailer":"~5.1","symfony\/console":"2.7.*","symfony\/css-selector":"2.7.*","symfony\/debug":"2.7.*","symfony\/dom-crawler":"2.7.*","symfony\/finder":"2.7.*","symfony\/http-foundation":"2.7.*","symfony\/http-kernel":"2.7.*","symfony\/process":"2.7.*","symfony\/routing":"2.7.*","symfony\/translation":"2.7.*","symfony\/var-dumper":"2.7.*","vlucas\/phpdotenv":"~1.0"},"require-dev":{"aws\/aws-sdk-php":"~3.0","iron-io\/iron_mq":"~2.0","mockery\/mockery":"~0.9.1","pda\/pheanstalk":"~3.0","phpunit\/phpunit":"~4.0","predis\/predis":"~1.0"},"suggest":{"aws\/aws-sdk-php":"Required to use the SQS queue driver and SES mail driver (~3.0).","doctrine\/dbal":"Required to rename columns and drop SQLite columns (~2.4).","fzaninotto\/faker":"Required to use the eloquent factory builder (~1.4).","guzzlehttp\/guzzle":"Required to use the Mailgun and Mandrill mail drivers (~5.3|~6.0).","iron-io\/iron_mq":"Required to use the iron queue driver (~2.0).","league\/flysystem-aws-s3-v3":"Required to use the Flysystem S3 driver (~1.0).","league\/flysystem-rackspace":"Required to use the Flysystem Rackspace driver (~1.0).","pda\/pheanstalk":"Required to use the beanstalk queue driver (~3.0).","predis\/predis":"Required to use the redis cache and queue drivers (~1.0).","pusher\/pusher-php-server":"Required to use the Pusher broadcast driver (~2.0)."},"replace":{"illuminate\/auth":"self.version","illuminate\/bus":"self.version","illuminate\/broadcasting":"self.version","illuminate\/cache":"self.version","illuminate\/config":"self.version","illuminate\/console":"self.version","illuminate\/container":"self.version","illuminate\/contracts":"self.version","illuminate\/cookie":"self.version","illuminate\/database":"self.version","illuminate\/encryption":"self.version","illuminate\/events":"self.version","illuminate\/exception":"self.version","illuminate\/filesystem":"self.version","illuminate\/foundation":"self.version","illuminate\/hashing":"self.version","illuminate\/http":"self.version","illuminate\/log":"self.version","illuminate\/mail":"self.version","illuminate\/pagination":"self.version","illuminate\/pipeline":"self.version","illuminate\/queue":"self.version","illuminate\/redis":"self.version","illuminate\/routing":"self.version","illuminate\/session":"self.version","illuminate\/support":"self.version","illuminate\/translation":"self.version","illuminate\/validation":"self.version","illuminate\/view":"self.version"},"uid":471465},"v5.1.5":{"name":"ageras\/framework","description":"The Laravel Framework.","keywords":["framework","laravel"],"homepage":"http:\/\/laravel.com","version":"v5.1.5","version_normalized":"5.1.5.0","license":["MIT"],"authors":[{"name":"Taylor Otwell","email":"taylorotwell@gmail.com"}],"source":{"type":"git","url":"https:\/\/github.com\/AgerasCom\/framework.git","reference":"25d872ec1945b30083f3e348039c380307b42d5e"},"dist":{"type":"zip","url":"https:\/\/api.github.com\/repos\/AgerasCom\/framework\/zipball\/25d872ec1945b30083f3e348039c380307b42d5e","reference":"25d872ec1945b30083f3e348039c380307b42d5e","shasum":""},"type":"library","time":"2015-07-02T02:28:22+00:00","autoload":{"classmap":["src\/Illuminate\/Queue\/IlluminateQueueClosure.php"],"files":["src\/Illuminate\/Foundation\/helpers.php","src\/Illuminate\/Support\/helpers.php"],"psr-4":{"Illuminate\\":"src\/Illuminate\/"}},"extra":{"branch-alias":{"dev-master":"5.1-dev"}},"require":{"php":">=5.5.9","ext-mbstring":"*","ext-openssl":"*","classpreloader\/classpreloader":"~2.0","danielstjules\/stringy":"~1.8","doctrine\/inflector":"~1.0","jeremeamia\/superclosure":"~2.0","league\/flysystem":"~1.0","monolog\/monolog":"~1.11","mtdowling\/cron-expression":"~1.0","nesbot\/carbon":"~1.19","psy\/psysh":"0.4.*","swiftmailer\/swiftmailer":"~5.1","symfony\/console":"2.7.*","symfony\/css-selector":"2.7.*","symfony\/debug":"2.7.*","symfony\/dom-crawler":"2.7.*","symfony\/finder":"2.7.*","symfony\/http-foundation":"2.7.*","symfony\/http-kernel":"2.7.*","symfony\/process":"2.7.*","symfony\/routing":"2.7.*","symfony\/translation":"2.7.*","symfony\/var-dumper":"2.7.*","vlucas\/phpdotenv":"~1.0"},"require-dev":{"aws\/aws-sdk-php":"~3.0","iron-io\/iron_mq":"~2.0","mockery\/mockery":"~0.9.1","pda\/pheanstalk":"~3.0","phpunit\/phpunit":"~4.0","predis\/predis":"~1.0"},"suggest":{"aws\/aws-sdk-php":"Required to use the SQS queue driver and SES mail driver (~3.0).","doctrine\/dbal":"Required to rename columns and drop SQLite columns (~2.4).","fzaninotto\/faker":"Required to use the eloquent factory builder (~1.4).","guzzlehttp\/guzzle":"Required to use the Mailgun and Mandrill mail drivers (~5.3|~6.0).","iron-io\/iron_mq":"Required to use the iron queue driver (~2.0).","league\/flysystem-aws-s3-v3":"Required to use the Flysystem S3 driver (~1.0).","league\/flysystem-rackspace":"Required to use the Flysystem Rackspace driver (~1.0).","pda\/pheanstalk":"Required to use the beanstalk queue driver (~3.0).","predis\/predis":"Required to use the redis cache and queue drivers (~1.0).","pusher\/pusher-php-server":"Required to use the Pusher broadcast driver (~2.0)."},"replace":{"illuminate\/auth":"self.version","illuminate\/bus":"self.version","illuminate\/broadcasting":"self.version","illuminate\/cache":"self.version","illuminate\/config":"self.version","illuminate\/console":"self.version","illuminate\/container":"self.version","illuminate\/contracts":"self.version","illuminate\/cookie":"self.version","illuminate\/database":"self.version","illuminate\/encryption":"self.version","illuminate\/events":"self.version","illuminate\/exception":"self.version","illuminate\/filesystem":"self.version","illuminate\/foundation":"self.version","illuminate\/hashing":"self.version","illuminate\/http":"self.version","illuminate\/log":"self.version","illuminate\/mail":"self.version","illuminate\/pagination":"self.version","illuminate\/pipeline":"self.version","illuminate\/queue":"self.version","illuminate\/redis":"self.version","illuminate\/routing":"self.version","illuminate\/session":"self.version","illuminate\/support":"self.version","illuminate\/translation":"self.version","illuminate\/validation":"self.version","illuminate\/view":"self.version"},"uid":471466},"v5.1.6":{"name":"ageras\/framework","description":"The Laravel Framework.","keywords":["framework","laravel"],"homepage":"http:\/\/laravel.com","version":"v5.1.6","version_normalized":"5.1.6.0","license":["MIT"],"authors":[{"name":"Taylor Otwell","email":"taylorotwell@gmail.com"}],"source":{"type":"git","url":"https:\/\/github.com\/AgerasCom\/framework.git","reference":"356418f315e4f6bf55d2f4bd451606e45a7595df"},"dist":{"type":"zip","url":"https:\/\/api.github.com\/repos\/AgerasCom\/framework\/zipball\/356418f315e4f6bf55d2f4bd451606e45a7595df","reference":"356418f315e4f6bf55d2f4bd451606e45a7595df","shasum":""},"type":"library","time":"2015-07-03T13:48:44+00:00","autoload":{"classmap":["src\/Illuminate\/Queue\/IlluminateQueueClosure.php"],"files":["src\/Illuminate\/Foundation\/helpers.php","src\/Illuminate\/Support\/helpers.php"],"psr-4":{"Illuminate\\":"src\/Illuminate\/"}},"extra":{"branch-alias":{"dev-master":"5.1-dev"}},"require":{"php":">=5.5.9","ext-mbstring":"*","ext-openssl":"*","classpreloader\/classpreloader":"~2.0","danielstjules\/stringy":"~1.8","doctrine\/inflector":"~1.0","jeremeamia\/superclosure":"~2.0","league\/flysystem":"~1.0","monolog\/monolog":"~1.11","mtdowling\/cron-expression":"~1.0","nesbot\/carbon":"~1.19","psy\/psysh":"0.4.*","swiftmailer\/swiftmailer":"~5.1","symfony\/console":"2.7.*","symfony\/css-selector":"2.7.*","symfony\/debug":"2.7.*","symfony\/dom-crawler":"2.7.*","symfony\/finder":"2.7.*","symfony\/http-foundation":"2.7.*","symfony\/http-kernel":"2.7.*","symfony\/process":"2.7.*","symfony\/routing":"2.7.*","symfony\/translation":"2.7.*","symfony\/var-dumper":"2.7.*","vlucas\/phpdotenv":"~1.0"},"require-dev":{"aws\/aws-sdk-php":"~3.0","iron-io\/iron_mq":"~2.0","mockery\/mockery":"~0.9.1","pda\/pheanstalk":"~3.0","phpunit\/phpunit":"~4.0","predis\/predis":"~1.0"},"suggest":{"aws\/aws-sdk-php":"Required to use the SQS queue driver and SES mail driver (~3.0).","doctrine\/dbal":"Required to rename columns and drop SQLite columns (~2.4).","fzaninotto\/faker":"Required to use the eloquent factory builder (~1.4).","guzzlehttp\/guzzle":"Required to use the Mailgun and Mandrill mail drivers (~5.3|~6.0).","iron-io\/iron_mq":"Required to use the iron queue driver (~2.0).","league\/flysystem-aws-s3-v3":"Required to use the Flysystem S3 driver (~1.0).","league\/flysystem-rackspace":"Required to use the Flysystem Rackspace driver (~1.0).","pda\/pheanstalk":"Required to use the beanstalk queue driver (~3.0).","predis\/predis":"Required to use the redis cache and queue drivers (~1.0).","pusher\/pusher-php-server":"Required to use the Pusher broadcast driver (~2.0)."},"replace":{"illuminate\/auth":"self.version","illuminate\/bus":"self.version","illuminate\/broadcasting":"self.version","illuminate\/cache":"self.version","illuminate\/config":"self.version","illuminate\/console":"self.version","illuminate\/container":"self.version","illuminate\/contracts":"self.version","illuminate\/cookie":"self.version","illuminate\/database":"self.version","illuminate\/encryption":"self.version","illuminate\/events":"self.version","illuminate\/exception":"self.version","illuminate\/filesystem":"self.version","illuminate\/foundation":"self.version","illuminate\/hashing":"self.version","illuminate\/http":"self.version","illuminate\/log":"self.version","illuminate\/mail":"self.version","illuminate\/pagination":"self.version","illuminate\/pipeline":"self.version","illuminate\/queue":"self.version","illuminate\/redis":"self.version","illuminate\/routing":"self.version","illuminate\/session":"self.version","illuminate\/support":"self.version","illuminate\/translation":"self.version","illuminate\/validation":"self.version","illuminate\/view":"self.version"},"uid":471467},"v5.1.7":{"name":"ageras\/framework","description":"The Laravel Framework.","keywords":["framework","laravel"],"homepage":"http:\/\/laravel.com","version":"v5.1.7","version_normalized":"5.1.7.0","license":["MIT"],"authors":[{"name":"Taylor Otwell","email":"taylorotwell@gmail.com"}],"source":{"type":"git","url":"https:\/\/github.com\/AgerasCom\/framework.git","reference":"5e942882319845f71c681ce6e85831129bf66426"},"dist":{"type":"zip","url":"https:\/\/api.github.com\/repos\/AgerasCom\/framework\/zipball\/5e942882319845f71c681ce6e85831129bf66426","reference":"5e942882319845f71c681ce6e85831129bf66426","shasum":""},"type":"library","time":"2015-07-12T02:27:36+00:00","autoload":{"classmap":["src\/Illuminate\/Queue\/IlluminateQueueClosure.php"],"files":["src\/Illuminate\/Foundation\/helpers.php","src\/Illuminate\/Support\/helpers.php"],"psr-4":{"Illuminate\\":"src\/Illuminate\/"}},"extra":{"branch-alias":{"dev-master":"5.1-dev"}},"require":{"php":">=5.5.9","ext-mbstring":"*","ext-openssl":"*","classpreloader\/classpreloader":"~2.0","danielstjules\/stringy":"~1.8","doctrine\/inflector":"~1.0","jeremeamia\/superclosure":"~2.0","league\/flysystem":"~1.0","monolog\/monolog":"~1.11","mtdowling\/cron-expression":"~1.0","nesbot\/carbon":"~1.19","psy\/psysh":"~0.5.1","swiftmailer\/swiftmailer":"~5.1","symfony\/console":"2.7.*","symfony\/css-selector":"2.7.*","symfony\/debug":"2.7.*","symfony\/dom-crawler":"2.7.*","symfony\/finder":"2.7.*","symfony\/http-foundation":"2.7.*","symfony\/http-kernel":"2.7.*","symfony\/process":"2.7.*","symfony\/routing":"2.7.*","symfony\/translation":"2.7.*","symfony\/var-dumper":"2.7.*","vlucas\/phpdotenv":"~1.0"},"require-dev":{"aws\/aws-sdk-php":"~3.0","iron-io\/iron_mq":"~2.0","mockery\/mockery":"~0.9.1","pda\/pheanstalk":"~3.0","phpunit\/phpunit":"~4.0","predis\/predis":"~1.0"},"suggest":{"aws\/aws-sdk-php":"Required to use the SQS queue driver and SES mail driver (~3.0).","doctrine\/dbal":"Required to rename columns and drop SQLite columns (~2.4).","fzaninotto\/faker":"Required to use the eloquent factory builder (~1.4).","guzzlehttp\/guzzle":"Required to use the Mailgun and Mandrill mail drivers (~5.3|~6.0).","iron-io\/iron_mq":"Required to use the iron queue driver (~2.0).","league\/flysystem-aws-s3-v3":"Required to use the Flysystem S3 driver (~1.0).","league\/flysystem-rackspace":"Required to use the Flysystem Rackspace driver (~1.0).","pda\/pheanstalk":"Required to use the beanstalk queue driver (~3.0).","predis\/predis":"Required to use the redis cache and queue drivers (~1.0).","pusher\/pusher-php-server":"Required to use the Pusher broadcast driver (~2.0)."},"replace":{"illuminate\/auth":"self.version","illuminate\/bus":"self.version","illuminate\/broadcasting":"self.version","illuminate\/cache":"self.version","illuminate\/config":"self.version","illuminate\/console":"self.version","illuminate\/container":"self.version","illuminate\/contracts":"self.version","illuminate\/cookie":"self.version","illuminate\/database":"self.version","illuminate\/encryption":"self.version","illuminate\/events":"self.version","illuminate\/exception":"self.version","illuminate\/filesystem":"self.version","illuminate\/foundation":"self.version","illuminate\/hashing":"self.version","illuminate\/http":"self.version","illuminate\/log":"self.version","illuminate\/mail":"self.version","illuminate\/pagination":"self.version","illuminate\/pipeline":"self.version","illuminate\/queue":"self.version","illuminate\/redis":"self.version","illuminate\/routing":"self.version","illuminate\/session":"self.version","illuminate\/support":"self.version","illuminate\/translation":"self.version","illuminate\/validation":"self.version","illuminate\/view":"self.version"},"uid":471468},"v5.1.8":{"name":"ageras\/framework","description":"The Laravel Framework.","keywords":["framework","laravel"],"homepage":"http:\/\/laravel.com","version":"v5.1.8","version_normalized":"5.1.8.0","license":["MIT"],"authors":[{"name":"Taylor Otwell","email":"taylorotwell@gmail.com"}],"source":{"type":"git","url":"https:\/\/github.com\/AgerasCom\/framework.git","reference":"c4ce8d7a3ac6e655e8b5f0ff3ee07d24fab765ba"},"dist":{"type":"zip","url":"https:\/\/api.github.com\/repos\/AgerasCom\/framework\/zipball\/c4ce8d7a3ac6e655e8b5f0ff3ee07d24fab765ba","reference":"c4ce8d7a3ac6e655e8b5f0ff3ee07d24fab765ba","shasum":""},"type":"library","time":"2015-07-21T18:33:13+00:00","autoload":{"classmap":["src\/Illuminate\/Queue\/IlluminateQueueClosure.php"],"files":["src\/Illuminate\/Foundation\/helpers.php","src\/Illuminate\/Support\/helpers.php"],"psr-4":{"Illuminate\\":"src\/Illuminate\/"}},"extra":{"branch-alias":{"dev-master":"5.1-dev"}},"require":{"php":">=5.5.9","ext-mbstring":"*","ext-openssl":"*","classpreloader\/classpreloader":"~2.0","danielstjules\/stringy":"~1.8","doctrine\/inflector":"~1.0","jeremeamia\/superclosure":"~2.0","league\/flysystem":"~1.0","monolog\/monolog":"~1.11","mtdowling\/cron-expression":"~1.0","nesbot\/carbon":"~1.19","psy\/psysh":"~0.5.1","swiftmailer\/swiftmailer":"~5.1","symfony\/console":"2.7.*","symfony\/css-selector":"2.7.*","symfony\/debug":"2.7.*","symfony\/dom-crawler":"2.7.*","symfony\/finder":"2.7.*","symfony\/http-foundation":"2.7.*","symfony\/http-kernel":"2.7.*","symfony\/process":"2.7.*","symfony\/routing":"2.7.*","symfony\/translation":"2.7.*","symfony\/var-dumper":"2.7.*","vlucas\/phpdotenv":"~1.0"},"require-dev":{"aws\/aws-sdk-php":"~3.0","iron-io\/iron_mq":"~2.0","mockery\/mockery":"~0.9.1","pda\/pheanstalk":"~3.0","phpunit\/phpunit":"~4.0","predis\/predis":"~1.0"},"suggest":{"aws\/aws-sdk-php":"Required to use the SQS queue driver and SES mail driver (~3.0).","doctrine\/dbal":"Required to rename columns and drop SQLite columns (~2.4).","fzaninotto\/faker":"Required to use the eloquent factory builder (~1.4).","guzzlehttp\/guzzle":"Required to use the Mailgun and Mandrill mail drivers (~5.3|~6.0).","iron-io\/iron_mq":"Required to use the iron queue driver (~2.0).","league\/flysystem-aws-s3-v3":"Required to use the Flysystem S3 driver (~1.0).","league\/flysystem-rackspace":"Required to use the Flysystem Rackspace driver (~1.0).","pda\/pheanstalk":"Required to use the beanstalk queue driver (~3.0).","predis\/predis":"Required to use the redis cache and queue drivers (~1.0).","pusher\/pusher-php-server":"Required to use the Pusher broadcast driver (~2.0)."},"replace":{"illuminate\/auth":"self.version","illuminate\/bus":"self.version","illuminate\/broadcasting":"self.version","illuminate\/cache":"self.version","illuminate\/config":"self.version","illuminate\/console":"self.version","illuminate\/container":"self.version","illuminate\/contracts":"self.version","illuminate\/cookie":"self.version","illuminate\/database":"self.version","illuminate\/encryption":"self.version","illuminate\/events":"self.version","illuminate\/exception":"self.version","illuminate\/filesystem":"self.version","illuminate\/foundation":"self.version","illuminate\/hashing":"self.version","illuminate\/http":"self.version","illuminate\/log":"self.version","illuminate\/mail":"self.version","illuminate\/pagination":"self.version","illuminate\/pipeline":"self.version","illuminate\/queue":"self.version","illuminate\/redis":"self.version","illuminate\/routing":"self.version","illuminate\/session":"self.version","illuminate\/support":"self.version","illuminate\/translation":"self.version","illuminate\/validation":"self.version","illuminate\/view":"self.version"},"uid":471469}},"illuminate\/broadcasting":{"5.1.x-dev":{"name":"illuminate\/broadcasting","description":"The Illuminate Broadcasting package.","keywords":[],"homepage":"http:\/\/laravel.com","version":"5.1.x-dev","version_normalized":"5.1.9999999.9999999-dev","license":["MIT"],"authors":[{"name":"Taylor Otwell","email":"taylorotwell@gmail.com"}],"source":{"type":"git","url":"https:\/\/github.com\/illuminate\/broadcasting.git","reference":"a2be7a129d5bded0e4a871f6eae713417df752c5"},"dist":{"type":"zip","url":"https:\/\/api.github.com\/repos\/illuminate\/broadcasting\/zipball\/a2be7a129d5bded0e4a871f6eae713417df752c5","reference":"a2be7a129d5bded0e4a871f6eae713417df752c5","shasum":""},"type":"library","time":"2015-07-11T20:41:11+00:00","autoload":{"psr-4":{"Illuminate\\Broadcasting\\":""}},"extra":{"branch-alias":{"dev-master":"5.1-dev"}},"require":{"php":">=5.5.9","illuminate\/contracts":"5.1.*","illuminate\/support":"5.1.*"},"suggest":{"pusher\/pusher-php-server":"Required to use the Pusher broadcast driver (~2.0)."},"uid":422057},"dev-master":{"name":"illuminate\/broadcasting","description":"The Illuminate Broadcasting package.","keywords":[],"homepage":"http:\/\/laravel.com","version":"dev-master","version_normalized":"9999999-dev","license":["MIT"],"authors":[{"name":"Taylor Otwell","email":"taylorotwell@gmail.com"}],"source":{"type":"git","url":"https:\/\/github.com\/illuminate\/broadcasting.git","reference":"79bc5604f375cf11ba844bb59c132ef164f6f0f1"},"dist":{"type":"zip","url":"https:\/\/api.github.com\/repos\/illuminate\/broadcasting\/zipball\/79bc5604f375cf11ba844bb59c132ef164f6f0f1","reference":"79bc5604f375cf11ba844bb59c132ef164f6f0f1","shasum":""},"type":"library","time":"2015-07-12T02:28:00+00:00","autoload":{"psr-4":{"Illuminate\\Broadcasting\\":""}},"extra":{"branch-alias":{"dev-master":"5.2-dev"}},"require":{"php":">=5.5.9","illuminate\/contracts":"5.2.*","illuminate\/support":"5.2.*"},"suggest":{"pusher\/pusher-php-server":"Required to use the Pusher broadcast driver (~2.0)."},"uid":392231},"v5.1.1":{"name":"illuminate\/broadcasting","description":"The Illuminate Broadcasting package.","keywords":[],"homepage":"http:\/\/laravel.com","version":"v5.1.1","version_normalized":"5.1.1.0","license":["MIT"],"authors":[{"name":"Taylor Otwell","email":"taylorotwell@gmail.com"}],"source":{"type":"git","url":"https:\/\/github.com\/illuminate\/broadcasting.git","reference":"022d15a582828296572f06186116736dd08e416e"},"dist":{"type":"zip","url":"https:\/\/api.github.com\/repos\/illuminate\/broadcasting\/zipball\/022d15a582828296572f06186116736dd08e416e","reference":"022d15a582828296572f06186116736dd08e416e","shasum":""},"type":"library","time":"2015-06-01T15:39:11+00:00","autoload":{"psr-4":{"Illuminate\\Broadcasting\\":""}},"extra":{"branch-alias":{"dev-master":"5.1-dev"}},"require":{"php":">=5.5.9","illuminate\/contracts":"5.1.*","illuminate\/support":"5.1.*"},"suggest":{"pusher\/pusher-php-server":"Required to use the Pusher broadcast driver (~2.0)."},"uid":428738},"v5.1.2":{"name":"illuminate\/broadcasting","description":"The Illuminate Broadcasting package.","keywords":[],"homepage":"http:\/\/laravel.com","version":"v5.1.2","version_normalized":"5.1.2.0","license":["MIT"],"authors":[{"name":"Taylor Otwell","email":"taylorotwell@gmail.com"}],"source":{"type":"git","url":"https:\/\/github.com\/illuminate\/broadcasting.git","reference":"022d15a582828296572f06186116736dd08e416e"},"dist":{"type":"zip","url":"https:\/\/api.github.com\/repos\/illuminate\/broadcasting\/zipball\/022d15a582828296572f06186116736dd08e416e","reference":"022d15a582828296572f06186116736dd08e416e","shasum":""},"type":"library","time":"2015-06-01T15:39:11+00:00","autoload":{"psr-4":{"Illuminate\\Broadcasting\\":""}},"extra":{"branch-alias":{"dev-master":"5.1-dev"}},"require":{"php":">=5.5.9","illuminate\/contracts":"5.1.*","illuminate\/support":"5.1.*"},"suggest":{"pusher\/pusher-php-server":"Required to use the Pusher broadcast driver (~2.0)."},"uid":434539},"v5.1.6":{"name":"illuminate\/broadcasting","description":"The Illuminate Broadcasting package.","keywords":[],"homepage":"http:\/\/laravel.com","version":"v5.1.6","version_normalized":"5.1.6.0","license":["MIT"],"authors":[{"name":"Taylor Otwell","email":"taylorotwell@gmail.com"}],"source":{"type":"git","url":"https:\/\/github.com\/illuminate\/broadcasting.git","reference":"87bf2d5f9a30289a0cee40cd0727d20a49a10519"},"dist":{"type":"zip","url":"https:\/\/api.github.com\/repos\/illuminate\/broadcasting\/zipball\/87bf2d5f9a30289a0cee40cd0727d20a49a10519","reference":"87bf2d5f9a30289a0cee40cd0727d20a49a10519","shasum":""},"type":"library","time":"2015-06-18T02:16:31+00:00","autoload":{"psr-4":{"Illuminate\\Broadcasting\\":""}},"extra":{"branch-alias":{"dev-master":"5.1-dev"}},"require":{"php":">=5.5.9","illuminate\/contracts":"5.1.*","illuminate\/support":"5.1.*"},"suggest":{"pusher\/pusher-php-server":"Required to use the Pusher broadcast driver (~2.0)."},"uid":452963},"v5.1.8":{"name":"illuminate\/broadcasting","description":"The Illuminate Broadcasting package.","keywords":[],"homepage":"http:\/\/laravel.com","version":"v5.1.8","version_normalized":"5.1.8.0","license":["MIT"],"authors":[{"name":"Taylor Otwell","email":"taylorotwell@gmail.com"}],"source":{"type":"git","url":"https:\/\/github.com\/illuminate\/broadcasting.git","reference":"8b47507b0bc7a6d98020deae0cf28898d8781cba"},"dist":{"type":"zip","url":"https:\/\/api.github.com\/repos\/illuminate\/broadcasting\/zipball\/8b47507b0bc7a6d98020deae0cf28898d8781cba","reference":"8b47507b0bc7a6d98020deae0cf28898d8781cba","shasum":""},"type":"library","time":"2015-07-11T20:41:11+00:00","autoload":{"psr-4":{"Illuminate\\Broadcasting\\":""}},"extra":{"branch-alias":{"dev-master":"5.1-dev"}},"require":{"php":">=5.5.9","illuminate\/contracts":"5.1.*","illuminate\/support":"5.1.*"},"suggest":{"pusher\/pusher-php-server":"Required to use the Pusher broadcast driver (~2.0)."},"uid":470345}},"laravel\/framework":{"5.1.x-dev":{"name":"laravel\/framework","description":"The Laravel Framework.","keywords":["framework","laravel"],"homepage":"http:\/\/laravel.com","version":"5.1.x-dev","version_normalized":"5.1.9999999.9999999-dev","license":["MIT"],"authors":[{"name":"Taylor Otwell","email":"taylorotwell@gmail.com"}],"source":{"type":"git","url":"https:\/\/github.com\/laravel\/framework.git","reference":"11cdc8173a6ffa5b8de73789ca4c733821c6ca44"},"dist":{"type":"zip","url":"https:\/\/api.github.com\/repos\/laravel\/framework\/zipball\/11cdc8173a6ffa5b8de73789ca4c733821c6ca44","reference":"11cdc8173a6ffa5b8de73789ca4c733821c6ca44","shasum":""},"type":"library","time":"2015-08-02T17:02:39+00:00","autoload":{"classmap":["src\/Illuminate\/Queue\/IlluminateQueueClosure.php"],"files":["src\/Illuminate\/Foundation\/helpers.php","src\/Illuminate\/Support\/helpers.php"],"psr-4":{"Illuminate\\":"src\/Illuminate\/"}},"extra":{"branch-alias":{"dev-master":"5.1-dev"}},"require":{"php":">=5.5.9","ext-openssl":"*","ext-mbstring":"*","danielstjules\/stringy":"~1.8","doctrine\/inflector":"~1.0","jeremeamia\/superclosure":"~2.0","league\/flysystem":"~1.0","monolog\/monolog":"~1.11","mtdowling\/cron-expression":"~1.0","nesbot\/carbon":"~1.19","swiftmailer\/swiftmailer":"~5.1","symfony\/console":"2.7.*","symfony\/css-selector":"2.7.*","symfony\/debug":"2.7.*","symfony\/dom-crawler":"2.7.*","symfony\/finder":"2.7.*","symfony\/http-foundation":"2.7.*","symfony\/http-kernel":"2.7.*","symfony\/process":"2.7.*","symfony\/routing":"2.7.*","symfony\/translation":"2.7.*","symfony\/var-dumper":"2.7.*","vlucas\/phpdotenv":"~1.0","classpreloader\/classpreloader":"~2.0","psy\/psysh":"~0.5.1"},"require-dev":{"aws\/aws-sdk-php":"~3.0","iron-io\/iron_mq":"~2.0","pda\/pheanstalk":"~3.0","predis\/predis":"~1.0","mockery\/mockery":"~0.9.1","phpunit\/phpunit":"~4.0"},"suggest":{"aws\/aws-sdk-php":"Required to use the SQS queue driver and SES mail driver (~3.0).","doctrine\/dbal":"Required to rename columns and drop SQLite columns (~2.4).","fzaninotto\/faker":"Required to use the eloquent factory builder (~1.4).","guzzlehttp\/guzzle":"Required to use the Mailgun and Mandrill mail drivers (~5.3|~6.0).","iron-io\/iron_mq":"Required to use the iron queue driver (~2.0).","league\/flysystem-aws-s3-v3":"Required to use the Flysystem S3 driver (~1.0).","league\/flysystem-rackspace":"Required to use the Flysystem Rackspace driver (~1.0).","pda\/pheanstalk":"Required to use the beanstalk queue driver (~3.0).","predis\/predis":"Required to use the redis cache and queue drivers (~1.0).","pusher\/pusher-php-server":"Required to use the Pusher broadcast driver (~2.0)."},"replace":{"illuminate\/auth":"self.version","illuminate\/bus":"self.version","illuminate\/broadcasting":"self.version","illuminate\/cache":"self.version","illuminate\/config":"self.version","illuminate\/console":"self.version","illuminate\/container":"self.version","illuminate\/contracts":"self.version","illuminate\/cookie":"self.version","illuminate\/database":"self.version","illuminate\/encryption":"self.version","illuminate\/events":"self.version","illuminate\/exception":"self.version","illuminate\/filesystem":"self.version","illuminate\/foundation":"self.version","illuminate\/hashing":"self.version","illuminate\/http":"self.version","illuminate\/log":"self.version","illuminate\/mail":"self.version","illuminate\/pagination":"self.version","illuminate\/pipeline":"self.version","illuminate\/queue":"self.version","illuminate\/redis":"self.version","illuminate\/routing":"self.version","illuminate\/session":"self.version","illuminate\/support":"self.version","illuminate\/translation":"self.version","illuminate\/validation":"self.version","illuminate\/view":"self.version"},"uid":422022},"dev-master":{"name":"laravel\/framework","description":"The Laravel Framework.","keywords":["framework","laravel"],"homepage":"http:\/\/laravel.com","version":"dev-master","version_normalized":"9999999-dev","license":["MIT"],"authors":[{"name":"Taylor Otwell","email":"taylorotwell@gmail.com"}],"source":{"type":"git","url":"https:\/\/github.com\/laravel\/framework.git","reference":"6d9db52115a6d0fc1329275132d5ec585649027f"},"dist":{"type":"zip","url":"https:\/\/api.github.com\/repos\/laravel\/framework\/zipball\/6d9db52115a6d0fc1329275132d5ec585649027f","reference":"6d9db52115a6d0fc1329275132d5ec585649027f","shasum":""},"type":"library","time":"2015-08-02T17:01:24+00:00","autoload":{"classmap":["src\/Illuminate\/Queue\/IlluminateQueueClosure.php"],"files":["src\/Illuminate\/Foundation\/helpers.php","src\/Illuminate\/Support\/helpers.php"],"psr-4":{"Illuminate\\":"src\/Illuminate\/"}},"extra":{"branch-alias":{"dev-master":"5.2-dev"}},"require":{"swiftmailer\/swiftmailer":"~5.1","vlucas\/phpdotenv":"~1.0","ext-openssl":"*","mtdowling\/cron-expression":"~1.0","league\/flysystem":"~1.0","monolog\/monolog":"~1.11","doctrine\/inflector":"~1.0","ext-mbstring":"*","danielstjules\/stringy":"~1.8","jeremeamia\/superclosure":"~2.0","php":">=5.5.9","nesbot\/carbon":"~1.20","classpreloader\/classpreloader":"~2.0","psy\/psysh":"~0.5.1","symfony\/console":"3.0.*","symfony\/css-selector":"3.0.*","symfony\/debug":"3.0.*","symfony\/dom-crawler":"3.0.*","symfony\/finder":"3.0.*","symfony\/http-foundation":"3.0.*","symfony\/http-kernel":"3.0.*","symfony\/process":"3.0.*","symfony\/routing":"3.0.*","symfony\/translation":"3.0.*","symfony\/var-dumper":"3.0.*"},"require-dev":{"phpunit\/phpunit":"~4.0","pda\/pheanstalk":"~3.0","predis\/predis":"~1.0","iron-io\/iron_mq":"~2.0","mockery\/mockery":"~0.9.1","aws\/aws-sdk-php":"~3.0"},"suggest":{"doctrine\/dbal":"Required to rename columns and drop SQLite columns (~2.4).","league\/flysystem-rackspace":"Required to use the Flysystem Rackspace driver (~1.0).","pda\/pheanstalk":"Required to use the beanstalk queue driver (~3.0).","predis\/predis":"Required to use the redis cache and queue drivers (~1.0).","iron-io\/iron_mq":"Required to use the iron queue driver (~2.0).","pusher\/pusher-php-server":"Required to use the Pusher broadcast driver (~2.0).","fzaninotto\/faker":"Required to use the eloquent factory builder (~1.4).","aws\/aws-sdk-php":"Required to use the SQS queue driver and SES mail driver (~3.0).","league\/flysystem-aws-s3-v3":"Required to use the Flysystem S3 driver (~1.0).","guzzlehttp\/guzzle":"Required to use the Mailgun and Mandrill mail drivers (~6.0)."},"replace":{"illuminate\/auth":"self.version","illuminate\/cache":"self.version","illuminate\/config":"self.version","illuminate\/console":"self.version","illuminate\/container":"self.version","illuminate\/cookie":"self.version","illuminate\/database":"self.version","illuminate\/encryption":"self.version","illuminate\/events":"self.version","illuminate\/exception":"self.version","illuminate\/filesystem":"self.version","illuminate\/foundation":"self.version","illuminate\/hashing":"self.version","illuminate\/http":"self.version","illuminate\/log":"self.version","illuminate\/mail":"self.version","illuminate\/pagination":"self.version","illuminate\/queue":"self.version","illuminate\/redis":"self.version","illuminate\/routing":"self.version","illuminate\/session":"self.version","illuminate\/support":"self.version","illuminate\/translation":"self.version","illuminate\/validation":"self.version","illuminate\/view":"self.version","illuminate\/contracts":"self.version","illuminate\/bus":"self.version","illuminate\/pipeline":"self.version","illuminate\/broadcasting":"self.version"},"uid":31531},"v5.1.0":{"name":"laravel\/framework","description":"The Laravel Framework.","keywords":["framework","laravel"],"homepage":"http:\/\/laravel.com","version":"v5.1.0","version_normalized":"5.1.0.0","license":["MIT"],"authors":[{"name":"Taylor Otwell","email":"taylorotwell@gmail.com"}],"source":{"type":"git","url":"https:\/\/github.com\/laravel\/framework.git","reference":"a423a55ed6601daebcbb75817de6d06b4d670a70"},"dist":{"type":"zip","url":"https:\/\/api.github.com\/repos\/laravel\/framework\/zipball\/a423a55ed6601daebcbb75817de6d06b4d670a70","reference":"a423a55ed6601daebcbb75817de6d06b4d670a70","shasum":""},"type":"library","time":"2015-06-09T13:05:05+00:00","autoload":{"classmap":["src\/Illuminate\/Queue\/IlluminateQueueClosure.php"],"files":["src\/Illuminate\/Foundation\/helpers.php","src\/Illuminate\/Support\/helpers.php"],"psr-4":{"Illuminate\\":"src\/Illuminate\/"}},"extra":{"branch-alias":{"dev-master":"5.1-dev"}},"require":{"php":">=5.5.9","ext-mbstring":"*","ext-openssl":"*","classpreloader\/classpreloader":"~1.2","danielstjules\/stringy":"~1.8","doctrine\/inflector":"~1.0","jeremeamia\/superclosure":"~2.0","league\/flysystem":"~1.0","monolog\/monolog":"~1.11","mtdowling\/cron-expression":"~1.0","nesbot\/carbon":"~1.19","psy\/psysh":"0.4.*","swiftmailer\/swiftmailer":"~5.1","symfony\/console":"2.7.*","symfony\/css-selector":"2.7.*","symfony\/debug":"2.7.*","symfony\/dom-crawler":"2.7.*","symfony\/finder":"2.7.*","symfony\/http-foundation":"2.7.*","symfony\/http-kernel":"2.7.*","symfony\/process":"2.7.*","symfony\/routing":"2.7.*","symfony\/translation":"2.7.*","symfony\/var-dumper":"2.7.*","vlucas\/phpdotenv":"~1.0"},"require-dev":{"aws\/aws-sdk-php":"~3.0","iron-io\/iron_mq":"~2.0","mockery\/mockery":"~0.9.1","pda\/pheanstalk":"~3.0","phpunit\/phpunit":"~4.0","predis\/predis":"~1.0"},"suggest":{"aws\/aws-sdk-php":"Required to use the SQS queue driver and SES mail driver (~3.0).","doctrine\/dbal":"Required to rename columns and drop SQLite columns (~2.4).","fzaninotto\/faker":"Required to use the eloquent factory builder (~1.4).","guzzlehttp\/guzzle":"Required to use the Mailgun and Mandrill mail drivers (~5.3|~6.0).","iron-io\/iron_mq":"Required to use the iron queue driver (~2.0).","league\/flysystem-aws-s3-v3":"Required to use the Flysystem S3 driver (~1.0).","league\/flysystem-rackspace":"Required to use the Flysystem Rackspace driver (~1.0).","pda\/pheanstalk":"Required to use the beanstalk queue driver (~3.0).","predis\/predis":"Required to use the redis cache and queue drivers (~1.0).","pusher\/pusher-php-server":"Required to use the Pusher broadcast driver (~2.0)."},"replace":{"illuminate\/auth":"self.version","illuminate\/bus":"self.version","illuminate\/broadcasting":"self.version","illuminate\/cache":"self.version","illuminate\/config":"self.version","illuminate\/console":"self.version","illuminate\/container":"self.version","illuminate\/contracts":"self.version","illuminate\/cookie":"self.version","illuminate\/database":"self.version","illuminate\/encryption":"self.version","illuminate\/events":"self.version","illuminate\/exception":"self.version","illuminate\/filesystem":"self.version","illuminate\/foundation":"self.version","illuminate\/hashing":"self.version","illuminate\/http":"self.version","illuminate\/log":"self.version","illuminate\/mail":"self.version","illuminate\/pagination":"self.version","illuminate\/pipeline":"self.version","illuminate\/queue":"self.version","illuminate\/redis":"self.version","illuminate\/routing":"self.version","illuminate\/session":"self.version","illuminate\/support":"self.version","illuminate\/translation":"self.version","illuminate\/validation":"self.version","illuminate\/view":"self.version"},"uid":428534},"v5.1.1":{"name":"laravel\/framework","description":"The Laravel Framework.","keywords":["framework","laravel"],"homepage":"http:\/\/laravel.com","version":"v5.1.1","version_normalized":"5.1.1.0","license":["MIT"],"authors":[{"name":"Taylor Otwell","email":"taylorotwell@gmail.com"}],"source":{"type":"git","url":"https:\/\/github.com\/laravel\/framework.git","reference":"3a44db7e70146dc1282b39887b5faa67c8583015"},"dist":{"type":"zip","url":"https:\/\/api.github.com\/repos\/laravel\/framework\/zipball\/3a44db7e70146dc1282b39887b5faa67c8583015","reference":"3a44db7e70146dc1282b39887b5faa67c8583015","shasum":""},"type":"library","time":"2015-06-09T14:13:59+00:00","autoload":{"classmap":["src\/Illuminate\/Queue\/IlluminateQueueClosure.php"],"files":["src\/Illuminate\/Foundation\/helpers.php","src\/Illuminate\/Support\/helpers.php"],"psr-4":{"Illuminate\\":"src\/Illuminate\/"}},"extra":{"branch-alias":{"dev-master":"5.1-dev"}},"require":{"php":">=5.5.9","ext-mbstring":"*","ext-openssl":"*","classpreloader\/classpreloader":"~1.2","danielstjules\/stringy":"~1.8","doctrine\/inflector":"~1.0","jeremeamia\/superclosure":"~2.0","league\/flysystem":"~1.0","monolog\/monolog":"~1.11","mtdowling\/cron-expression":"~1.0","nesbot\/carbon":"~1.19","psy\/psysh":"0.4.*","swiftmailer\/swiftmailer":"~5.1","symfony\/console":"2.7.*","symfony\/css-selector":"2.7.*","symfony\/debug":"2.7.*","symfony\/dom-crawler":"2.7.*","symfony\/finder":"2.7.*","symfony\/http-foundation":"2.7.*","symfony\/http-kernel":"2.7.*","symfony\/process":"2.7.*","symfony\/routing":"2.7.*","symfony\/translation":"2.7.*","symfony\/var-dumper":"2.7.*","vlucas\/phpdotenv":"~1.0"},"require-dev":{"aws\/aws-sdk-php":"~3.0","iron-io\/iron_mq":"~2.0","mockery\/mockery":"~0.9.1","pda\/pheanstalk":"~3.0","phpunit\/phpunit":"~4.0","predis\/predis":"~1.0"},"suggest":{"aws\/aws-sdk-php":"Required to use the SQS queue driver and SES mail driver (~3.0).","doctrine\/dbal":"Required to rename columns and drop SQLite columns (~2.4).","fzaninotto\/faker":"Required to use the eloquent factory builder (~1.4).","guzzlehttp\/guzzle":"Required to use the Mailgun and Mandrill mail drivers (~5.3|~6.0).","iron-io\/iron_mq":"Required to use the iron queue driver (~2.0).","league\/flysystem-aws-s3-v3":"Required to use the Flysystem S3 driver (~1.0).","league\/flysystem-rackspace":"Required to use the Flysystem Rackspace driver (~1.0).","pda\/pheanstalk":"Required to use the beanstalk queue driver (~3.0).","predis\/predis":"Required to use the redis cache and queue drivers (~1.0).","pusher\/pusher-php-server":"Required to use the Pusher broadcast driver (~2.0)."},"replace":{"illuminate\/auth":"self.version","illuminate\/bus":"self.version","illuminate\/broadcasting":"self.version","illuminate\/cache":"self.version","illuminate\/config":"self.version","illuminate\/console":"self.version","illuminate\/container":"self.version","illuminate\/contracts":"self.version","illuminate\/cookie":"self.version","illuminate\/database":"self.version","illuminate\/encryption":"self.version","illuminate\/events":"self.version","illuminate\/exception":"self.version","illuminate\/filesystem":"self.version","illuminate\/foundation":"self.version","illuminate\/hashing":"self.version","illuminate\/http":"self.version","illuminate\/log":"self.version","illuminate\/mail":"self.version","illuminate\/pagination":"self.version","illuminate\/pipeline":"self.version","illuminate\/queue":"self.version","illuminate\/redis":"self.version","illuminate\/routing":"self.version","illuminate\/session":"self.version","illuminate\/support":"self.version","illuminate\/translation":"self.version","illuminate\/validation":"self.version","illuminate\/view":"self.version"},"uid":428627},"v5.1.2":{"name":"laravel\/framework","description":"The Laravel Framework.","keywords":["framework","laravel"],"homepage":"http:\/\/laravel.com","version":"v5.1.2","version_normalized":"5.1.2.0","license":["MIT"],"authors":[{"name":"Taylor Otwell","email":"taylorotwell@gmail.com"}],"source":{"type":"git","url":"https:\/\/github.com\/laravel\/framework.git","reference":"65a3a4ca4b20083517a9e2effa6a86a49f3e9c96"},"dist":{"type":"zip","url":"https:\/\/api.github.com\/repos\/laravel\/framework\/zipball\/65a3a4ca4b20083517a9e2effa6a86a49f3e9c96","reference":"65a3a4ca4b20083517a9e2effa6a86a49f3e9c96","shasum":""},"type":"library","time":"2015-06-15T18:25:50+00:00","autoload":{"classmap":["src\/Illuminate\/Queue\/IlluminateQueueClosure.php"],"files":["src\/Illuminate\/Foundation\/helpers.php","src\/Illuminate\/Support\/helpers.php"],"psr-4":{"Illuminate\\":"src\/Illuminate\/"}},"extra":{"branch-alias":{"dev-master":"5.1-dev"}},"require":{"php":">=5.5.9","ext-mbstring":"*","ext-openssl":"*","classpreloader\/classpreloader":"~1.2","danielstjules\/stringy":"~1.8","doctrine\/inflector":"~1.0","jeremeamia\/superclosure":"~2.0","league\/flysystem":"~1.0","monolog\/monolog":"~1.11","mtdowling\/cron-expression":"~1.0","nesbot\/carbon":"~1.19","psy\/psysh":"0.4.*","swiftmailer\/swiftmailer":"~5.1","symfony\/console":"2.7.*","symfony\/css-selector":"2.7.*","symfony\/debug":"2.7.*","symfony\/dom-crawler":"2.7.*","symfony\/finder":"2.7.*","symfony\/http-foundation":"2.7.*","symfony\/http-kernel":"2.7.*","symfony\/process":"2.7.*","symfony\/routing":"2.7.*","symfony\/translation":"2.7.*","symfony\/var-dumper":"2.7.*","vlucas\/phpdotenv":"~1.0"},"require-dev":{"aws\/aws-sdk-php":"~3.0","iron-io\/iron_mq":"~2.0","mockery\/mockery":"~0.9.1","pda\/pheanstalk":"~3.0","phpunit\/phpunit":"~4.0","predis\/predis":"~1.0"},"suggest":{"aws\/aws-sdk-php":"Required to use the SQS queue driver and SES mail driver (~3.0).","doctrine\/dbal":"Required to rename columns and drop SQLite columns (~2.4).","fzaninotto\/faker":"Required to use the eloquent factory builder (~1.4).","guzzlehttp\/guzzle":"Required to use the Mailgun and Mandrill mail drivers (~5.3|~6.0).","iron-io\/iron_mq":"Required to use the iron queue driver (~2.0).","league\/flysystem-aws-s3-v3":"Required to use the Flysystem S3 driver (~1.0).","league\/flysystem-rackspace":"Required to use the Flysystem Rackspace driver (~1.0).","pda\/pheanstalk":"Required to use the beanstalk queue driver (~3.0).","predis\/predis":"Required to use the redis cache and queue drivers (~1.0).","pusher\/pusher-php-server":"Required to use the Pusher broadcast driver (~2.0)."},"replace":{"illuminate\/auth":"self.version","illuminate\/bus":"self.version","illuminate\/broadcasting":"self.version","illuminate\/cache":"self.version","illuminate\/config":"self.version","illuminate\/console":"self.version","illuminate\/container":"self.version","illuminate\/contracts":"self.version","illuminate\/cookie":"self.version","illuminate\/database":"self.version","illuminate\/encryption":"self.version","illuminate\/events":"self.version","illuminate\/exception":"self.version","illuminate\/filesystem":"self.version","illuminate\/foundation":"self.version","illuminate\/hashing":"self.version","illuminate\/http":"self.version","illuminate\/log":"self.version","illuminate\/mail":"self.version","illuminate\/pagination":"self.version","illuminate\/pipeline":"self.version","illuminate\/queue":"self.version","illuminate\/redis":"self.version","illuminate\/routing":"self.version","illuminate\/session":"self.version","illuminate\/support":"self.version","illuminate\/translation":"self.version","illuminate\/validation":"self.version","illuminate\/view":"self.version"},"uid":434527},"v5.1.3":{"name":"laravel\/framework","description":"The Laravel Framework.","keywords":["framework","laravel"],"homepage":"http:\/\/laravel.com","version":"v5.1.3","version_normalized":"5.1.3.0","license":["MIT"],"authors":[{"name":"Taylor Otwell","email":"taylorotwell@gmail.com"}],"source":{"type":"git","url":"https:\/\/github.com\/laravel\/framework.git","reference":"a7ebd043ca178c05cc7946ece03d3a268a5a3f84"},"dist":{"type":"zip","url":"https:\/\/api.github.com\/repos\/laravel\/framework\/zipball\/a7ebd043ca178c05cc7946ece03d3a268a5a3f84","reference":"a7ebd043ca178c05cc7946ece03d3a268a5a3f84","shasum":""},"type":"library","time":"2015-06-24T19:38:07+00:00","autoload":{"classmap":["src\/Illuminate\/Queue\/IlluminateQueueClosure.php"],"files":["src\/Illuminate\/Foundation\/helpers.php","src\/Illuminate\/Support\/helpers.php"],"psr-4":{"Illuminate\\":"src\/Illuminate\/"}},"extra":{"branch-alias":{"dev-master":"5.1-dev"}},"require":{"classpreloader\/classpreloader":"~1.2","danielstjules\/stringy":"~1.8","doctrine\/inflector":"~1.0","ext-mbstring":"*","ext-openssl":"*","jeremeamia\/superclosure":"~2.0","league\/flysystem":"~1.0","monolog\/monolog":"~1.11","mtdowling\/cron-expression":"~1.0","nesbot\/carbon":"~1.19","php":">=5.5.9","psy\/psysh":"0.4.*","swiftmailer\/swiftmailer":"~5.1","symfony\/console":"2.7.*","symfony\/css-selector":"2.7.*","symfony\/debug":"2.7.*","symfony\/dom-crawler":"2.7.*","symfony\/finder":"2.7.*","symfony\/http-foundation":"2.7.*","symfony\/http-kernel":"2.7.*","symfony\/process":"2.7.*","symfony\/routing":"2.7.*","symfony\/translation":"2.7.*","symfony\/var-dumper":"2.7.*","vlucas\/phpdotenv":"~1.0"},"require-dev":{"aws\/aws-sdk-php":"~3.0","iron-io\/iron_mq":"~2.0","mockery\/mockery":"~0.9.1","pda\/pheanstalk":"~3.0","phpunit\/phpunit":"~4.0","predis\/predis":"~1.0"},"suggest":{"aws\/aws-sdk-php":"Required to use the SQS queue driver and SES mail driver (~3.0).","doctrine\/dbal":"Required to rename columns and drop SQLite columns (~2.4).","fzaninotto\/faker":"Required to use the eloquent factory builder (~1.4).","guzzlehttp\/guzzle":"Required to use the Mailgun and Mandrill mail drivers (~5.3|~6.0).","iron-io\/iron_mq":"Required to use the iron queue driver (~2.0).","league\/flysystem-aws-s3-v3":"Required to use the Flysystem S3 driver (~1.0).","league\/flysystem-rackspace":"Required to use the Flysystem Rackspace driver (~1.0).","pda\/pheanstalk":"Required to use the beanstalk queue driver (~3.0).","predis\/predis":"Required to use the redis cache and queue drivers (~1.0).","pusher\/pusher-php-server":"Required to use the Pusher broadcast driver (~2.0)."},"replace":{"illuminate\/auth":"self.version","illuminate\/bus":"self.version","illuminate\/broadcasting":"self.version","illuminate\/cache":"self.version","illuminate\/config":"self.version","illuminate\/console":"self.version","illuminate\/container":"self.version","illuminate\/contracts":"self.version","illuminate\/cookie":"self.version","illuminate\/database":"self.version","illuminate\/encryption":"self.version","illuminate\/events":"self.version","illuminate\/exception":"self.version","illuminate\/filesystem":"self.version","illuminate\/foundation":"self.version","illuminate\/hashing":"self.version","illuminate\/http":"self.version","illuminate\/log":"self.version","illuminate\/mail":"self.version","illuminate\/pagination":"self.version","illuminate\/pipeline":"self.version","illuminate\/queue":"self.version","illuminate\/redis":"self.version","illuminate\/routing":"self.version","illuminate\/session":"self.version","illuminate\/support":"self.version","illuminate\/translation":"self.version","illuminate\/validation":"self.version","illuminate\/view":"self.version"},"uid":443249},"v5.1.4":{"name":"laravel\/framework","description":"The Laravel Framework.","keywords":["framework","laravel"],"homepage":"http:\/\/laravel.com","version":"v5.1.4","version_normalized":"5.1.4.0","license":["MIT"],"authors":[{"name":"Taylor Otwell","email":"taylorotwell@gmail.com"}],"source":{"type":"git","url":"https:\/\/github.com\/laravel\/framework.git","reference":"ef87627cc3a2ecb866214c5be593781016cd43b1"},"dist":{"type":"zip","url":"https:\/\/api.github.com\/repos\/laravel\/framework\/zipball\/ef87627cc3a2ecb866214c5be593781016cd43b1","reference":"ef87627cc3a2ecb866214c5be593781016cd43b1","shasum":""},"type":"library","time":"2015-06-30T20:45:09+00:00","autoload":{"classmap":["src\/Illuminate\/Queue\/IlluminateQueueClosure.php"],"files":["src\/Illuminate\/Foundation\/helpers.php","src\/Illuminate\/Support\/helpers.php"],"psr-4":{"Illuminate\\":"src\/Illuminate\/"}},"extra":{"branch-alias":{"dev-master":"5.1-dev"}},"require":{"php":">=5.5.9","ext-mbstring":"*","ext-openssl":"*","classpreloader\/classpreloader":"~2.0","danielstjules\/stringy":"~1.8","doctrine\/inflector":"~1.0","jeremeamia\/superclosure":"~2.0","league\/flysystem":"~1.0","monolog\/monolog":"~1.11","mtdowling\/cron-expression":"~1.0","nesbot\/carbon":"~1.19","psy\/psysh":"0.4.*","swiftmailer\/swiftmailer":"~5.1","symfony\/console":"2.7.*","symfony\/css-selector":"2.7.*","symfony\/debug":"2.7.*","symfony\/dom-crawler":"2.7.*","symfony\/finder":"2.7.*","symfony\/http-foundation":"2.7.*","symfony\/http-kernel":"2.7.*","symfony\/process":"2.7.*","symfony\/routing":"2.7.*","symfony\/translation":"2.7.*","symfony\/var-dumper":"2.7.*","vlucas\/phpdotenv":"~1.0"},"require-dev":{"aws\/aws-sdk-php":"~3.0","iron-io\/iron_mq":"~2.0","mockery\/mockery":"~0.9.1","pda\/pheanstalk":"~3.0","phpunit\/phpunit":"~4.0","predis\/predis":"~1.0"},"suggest":{"aws\/aws-sdk-php":"Required to use the SQS queue driver and SES mail driver (~3.0).","doctrine\/dbal":"Required to rename columns and drop SQLite columns (~2.4).","fzaninotto\/faker":"Required to use the eloquent factory builder (~1.4).","guzzlehttp\/guzzle":"Required to use the Mailgun and Mandrill mail drivers (~5.3|~6.0).","iron-io\/iron_mq":"Required to use the iron queue driver (~2.0).","league\/flysystem-aws-s3-v3":"Required to use the Flysystem S3 driver (~1.0).","league\/flysystem-rackspace":"Required to use the Flysystem Rackspace driver (~1.0).","pda\/pheanstalk":"Required to use the beanstalk queue driver (~3.0).","predis\/predis":"Required to use the redis cache and queue drivers (~1.0).","pusher\/pusher-php-server":"Required to use the Pusher broadcast driver (~2.0)."},"replace":{"illuminate\/auth":"self.version","illuminate\/bus":"self.version","illuminate\/broadcasting":"self.version","illuminate\/cache":"self.version","illuminate\/config":"self.version","illuminate\/console":"self.version","illuminate\/container":"self.version","illuminate\/contracts":"self.version","illuminate\/cookie":"self.version","illuminate\/database":"self.version","illuminate\/encryption":"self.version","illuminate\/events":"self.version","illuminate\/exception":"self.version","illuminate\/filesystem":"self.version","illuminate\/foundation":"self.version","illuminate\/hashing":"self.version","illuminate\/http":"self.version","illuminate\/log":"self.version","illuminate\/mail":"self.version","illuminate\/pagination":"self.version","illuminate\/pipeline":"self.version","illuminate\/queue":"self.version","illuminate\/redis":"self.version","illuminate\/routing":"self.version","illuminate\/session":"self.version","illuminate\/support":"self.version","illuminate\/translation":"self.version","illuminate\/validation":"self.version","illuminate\/view":"self.version"},"uid":448653},"v5.1.5":{"name":"laravel\/framework","description":"The Laravel Framework.","keywords":["framework","laravel"],"homepage":"http:\/\/laravel.com","version":"v5.1.5","version_normalized":"5.1.5.0","license":["MIT"],"authors":[{"name":"Taylor Otwell","email":"taylorotwell@gmail.com"}],"source":{"type":"git","url":"https:\/\/github.com\/laravel\/framework.git","reference":"25d872ec1945b30083f3e348039c380307b42d5e"},"dist":{"type":"zip","url":"https:\/\/api.github.com\/repos\/laravel\/framework\/zipball\/25d872ec1945b30083f3e348039c380307b42d5e","reference":"25d872ec1945b30083f3e348039c380307b42d5e","shasum":""},"type":"library","time":"2015-07-02T02:28:22+00:00","autoload":{"classmap":["src\/Illuminate\/Queue\/IlluminateQueueClosure.php"],"files":["src\/Illuminate\/Foundation\/helpers.php","src\/Illuminate\/Support\/helpers.php"],"psr-4":{"Illuminate\\":"src\/Illuminate\/"}},"extra":{"branch-alias":{"dev-master":"5.1-dev"}},"require":{"php":">=5.5.9","ext-mbstring":"*","ext-openssl":"*","classpreloader\/classpreloader":"~2.0","danielstjules\/stringy":"~1.8","doctrine\/inflector":"~1.0","jeremeamia\/superclosure":"~2.0","league\/flysystem":"~1.0","monolog\/monolog":"~1.11","mtdowling\/cron-expression":"~1.0","nesbot\/carbon":"~1.19","psy\/psysh":"0.4.*","swiftmailer\/swiftmailer":"~5.1","symfony\/console":"2.7.*","symfony\/css-selector":"2.7.*","symfony\/debug":"2.7.*","symfony\/dom-crawler":"2.7.*","symfony\/finder":"2.7.*","symfony\/http-foundation":"2.7.*","symfony\/http-kernel":"2.7.*","symfony\/process":"2.7.*","symfony\/routing":"2.7.*","symfony\/translation":"2.7.*","symfony\/var-dumper":"2.7.*","vlucas\/phpdotenv":"~1.0"},"require-dev":{"aws\/aws-sdk-php":"~3.0","iron-io\/iron_mq":"~2.0","mockery\/mockery":"~0.9.1","pda\/pheanstalk":"~3.0","phpunit\/phpunit":"~4.0","predis\/predis":"~1.0"},"suggest":{"aws\/aws-sdk-php":"Required to use the SQS queue driver and SES mail driver (~3.0).","doctrine\/dbal":"Required to rename columns and drop SQLite columns (~2.4).","fzaninotto\/faker":"Required to use the eloquent factory builder (~1.4).","guzzlehttp\/guzzle":"Required to use the Mailgun and Mandrill mail drivers (~5.3|~6.0).","iron-io\/iron_mq":"Required to use the iron queue driver (~2.0).","league\/flysystem-aws-s3-v3":"Required to use the Flysystem S3 driver (~1.0).","league\/flysystem-rackspace":"Required to use the Flysystem Rackspace driver (~1.0).","pda\/pheanstalk":"Required to use the beanstalk queue driver (~3.0).","predis\/predis":"Required to use the redis cache and queue drivers (~1.0).","pusher\/pusher-php-server":"Required to use the Pusher broadcast driver (~2.0)."},"replace":{"illuminate\/auth":"self.version","illuminate\/bus":"self.version","illuminate\/broadcasting":"self.version","illuminate\/cache":"self.version","illuminate\/config":"self.version","illuminate\/console":"self.version","illuminate\/container":"self.version","illuminate\/contracts":"self.version","illuminate\/cookie":"self.version","illuminate\/database":"self.version","illuminate\/encryption":"self.version","illuminate\/events":"self.version","illuminate\/exception":"self.version","illuminate\/filesystem":"self.version","illuminate\/foundation":"self.version","illuminate\/hashing":"self.version","illuminate\/http":"self.version","illuminate\/log":"self.version","illuminate\/mail":"self.version","illuminate\/pagination":"self.version","illuminate\/pipeline":"self.version","illuminate\/queue":"self.version","illuminate\/redis":"self.version","illuminate\/routing":"self.version","illuminate\/session":"self.version","illuminate\/support":"self.version","illuminate\/translation":"self.version","illuminate\/validation":"self.version","illuminate\/view":"self.version"},"uid":450271},"v5.1.6":{"name":"laravel\/framework","description":"The Laravel Framework.","keywords":["framework","laravel"],"homepage":"http:\/\/laravel.com","version":"v5.1.6","version_normalized":"5.1.6.0","license":["MIT"],"authors":[{"name":"Taylor Otwell","email":"taylorotwell@gmail.com"}],"source":{"type":"git","url":"https:\/\/github.com\/laravel\/framework.git","reference":"356418f315e4f6bf55d2f4bd451606e45a7595df"},"dist":{"type":"zip","url":"https:\/\/api.github.com\/repos\/laravel\/framework\/zipball\/356418f315e4f6bf55d2f4bd451606e45a7595df","reference":"356418f315e4f6bf55d2f4bd451606e45a7595df","shasum":""},"type":"library","time":"2015-07-03T13:48:44+00:00","autoload":{"classmap":["src\/Illuminate\/Queue\/IlluminateQueueClosure.php"],"files":["src\/Illuminate\/Foundation\/helpers.php","src\/Illuminate\/Support\/helpers.php"],"psr-4":{"Illuminate\\":"src\/Illuminate\/"}},"extra":{"branch-alias":{"dev-master":"5.1-dev"}},"require":{"php":">=5.5.9","ext-mbstring":"*","ext-openssl":"*","classpreloader\/classpreloader":"~2.0","danielstjules\/stringy":"~1.8","doctrine\/inflector":"~1.0","jeremeamia\/superclosure":"~2.0","league\/flysystem":"~1.0","monolog\/monolog":"~1.11","mtdowling\/cron-expression":"~1.0","nesbot\/carbon":"~1.19","psy\/psysh":"0.4.*","swiftmailer\/swiftmailer":"~5.1","symfony\/console":"2.7.*","symfony\/css-selector":"2.7.*","symfony\/debug":"2.7.*","symfony\/dom-crawler":"2.7.*","symfony\/finder":"2.7.*","symfony\/http-foundation":"2.7.*","symfony\/http-kernel":"2.7.*","symfony\/process":"2.7.*","symfony\/routing":"2.7.*","symfony\/translation":"2.7.*","symfony\/var-dumper":"2.7.*","vlucas\/phpdotenv":"~1.0"},"require-dev":{"aws\/aws-sdk-php":"~3.0","iron-io\/iron_mq":"~2.0","mockery\/mockery":"~0.9.1","pda\/pheanstalk":"~3.0","phpunit\/phpunit":"~4.0","predis\/predis":"~1.0"},"suggest":{"aws\/aws-sdk-php":"Required to use the SQS queue driver and SES mail driver (~3.0).","doctrine\/dbal":"Required to rename columns and drop SQLite columns (~2.4).","fzaninotto\/faker":"Required to use the eloquent factory builder (~1.4).","guzzlehttp\/guzzle":"Required to use the Mailgun and Mandrill mail drivers (~5.3|~6.0).","iron-io\/iron_mq":"Required to use the iron queue driver (~2.0).","league\/flysystem-aws-s3-v3":"Required to use the Flysystem S3 driver (~1.0).","league\/flysystem-rackspace":"Required to use the Flysystem Rackspace driver (~1.0).","pda\/pheanstalk":"Required to use the beanstalk queue driver (~3.0).","predis\/predis":"Required to use the redis cache and queue drivers (~1.0).","pusher\/pusher-php-server":"Required to use the Pusher broadcast driver (~2.0)."},"replace":{"illuminate\/auth":"self.version","illuminate\/bus":"self.version","illuminate\/broadcasting":"self.version","illuminate\/cache":"self.version","illuminate\/config":"self.version","illuminate\/console":"self.version","illuminate\/container":"self.version","illuminate\/contracts":"self.version","illuminate\/cookie":"self.version","illuminate\/database":"self.version","illuminate\/encryption":"self.version","illuminate\/events":"self.version","illuminate\/exception":"self.version","illuminate\/filesystem":"self.version","illuminate\/foundation":"self.version","illuminate\/hashing":"self.version","illuminate\/http":"self.version","illuminate\/log":"self.version","illuminate\/mail":"self.version","illuminate\/pagination":"self.version","illuminate\/pipeline":"self.version","illuminate\/queue":"self.version","illuminate\/redis":"self.version","illuminate\/routing":"self.version","illuminate\/session":"self.version","illuminate\/support":"self.version","illuminate\/translation":"self.version","illuminate\/validation":"self.version","illuminate\/view":"self.version"},"uid":451720},"v5.1.7":{"name":"laravel\/framework","description":"The Laravel Framework.","keywords":["framework","laravel"],"homepage":"http:\/\/laravel.com","version":"v5.1.7","version_normalized":"5.1.7.0","license":["MIT"],"authors":[{"name":"Taylor Otwell","email":"taylorotwell@gmail.com"}],"source":{"type":"git","url":"https:\/\/github.com\/laravel\/framework.git","reference":"5e942882319845f71c681ce6e85831129bf66426"},"dist":{"type":"zip","url":"https:\/\/api.github.com\/repos\/laravel\/framework\/zipball\/5e942882319845f71c681ce6e85831129bf66426","reference":"5e942882319845f71c681ce6e85831129bf66426","shasum":""},"type":"library","time":"2015-07-12T02:27:36+00:00","autoload":{"classmap":["src\/Illuminate\/Queue\/IlluminateQueueClosure.php"],"files":["src\/Illuminate\/Foundation\/helpers.php","src\/Illuminate\/Support\/helpers.php"],"psr-4":{"Illuminate\\":"src\/Illuminate\/"}},"extra":{"branch-alias":{"dev-master":"5.1-dev"}},"require":{"php":">=5.5.9","ext-mbstring":"*","ext-openssl":"*","classpreloader\/classpreloader":"~2.0","danielstjules\/stringy":"~1.8","doctrine\/inflector":"~1.0","jeremeamia\/superclosure":"~2.0","league\/flysystem":"~1.0","monolog\/monolog":"~1.11","mtdowling\/cron-expression":"~1.0","nesbot\/carbon":"~1.19","psy\/psysh":"~0.5.1","swiftmailer\/swiftmailer":"~5.1","symfony\/console":"2.7.*","symfony\/css-selector":"2.7.*","symfony\/debug":"2.7.*","symfony\/dom-crawler":"2.7.*","symfony\/finder":"2.7.*","symfony\/http-foundation":"2.7.*","symfony\/http-kernel":"2.7.*","symfony\/process":"2.7.*","symfony\/routing":"2.7.*","symfony\/translation":"2.7.*","symfony\/var-dumper":"2.7.*","vlucas\/phpdotenv":"~1.0"},"require-dev":{"aws\/aws-sdk-php":"~3.0","iron-io\/iron_mq":"~2.0","mockery\/mockery":"~0.9.1","pda\/pheanstalk":"~3.0","phpunit\/phpunit":"~4.0","predis\/predis":"~1.0"},"suggest":{"aws\/aws-sdk-php":"Required to use the SQS queue driver and SES mail driver (~3.0).","doctrine\/dbal":"Required to rename columns and drop SQLite columns (~2.4).","fzaninotto\/faker":"Required to use the eloquent factory builder (~1.4).","guzzlehttp\/guzzle":"Required to use the Mailgun and Mandrill mail drivers (~5.3|~6.0).","iron-io\/iron_mq":"Required to use the iron queue driver (~2.0).","league\/flysystem-aws-s3-v3":"Required to use the Flysystem S3 driver (~1.0).","league\/flysystem-rackspace":"Required to use the Flysystem Rackspace driver (~1.0).","pda\/pheanstalk":"Required to use the beanstalk queue driver (~3.0).","predis\/predis":"Required to use the redis cache and queue drivers (~1.0).","pusher\/pusher-php-server":"Required to use the Pusher broadcast driver (~2.0)."},"replace":{"illuminate\/auth":"self.version","illuminate\/bus":"self.version","illuminate\/broadcasting":"self.version","illuminate\/cache":"self.version","illuminate\/config":"self.version","illuminate\/console":"self.version","illuminate\/container":"self.version","illuminate\/contracts":"self.version","illuminate\/cookie":"self.version","illuminate\/database":"self.version","illuminate\/encryption":"self.version","illuminate\/events":"self.version","illuminate\/exception":"self.version","illuminate\/filesystem":"self.version","illuminate\/foundation":"self.version","illuminate\/hashing":"self.version","illuminate\/http":"self.version","illuminate\/log":"self.version","illuminate\/mail":"self.version","illuminate\/pagination":"self.version","illuminate\/pipeline":"self.version","illuminate\/queue":"self.version","illuminate\/redis":"self.version","illuminate\/routing":"self.version","illuminate\/session":"self.version","illuminate\/support":"self.version","illuminate\/translation":"self.version","illuminate\/validation":"self.version","illuminate\/view":"self.version"},"uid":459395},"v5.1.8":{"name":"laravel\/framework","description":"The Laravel Framework.","keywords":["framework","laravel"],"homepage":"http:\/\/laravel.com","version":"v5.1.8","version_normalized":"5.1.8.0","license":["MIT"],"authors":[{"name":"Taylor Otwell","email":"taylorotwell@gmail.com"}],"source":{"type":"git","url":"https:\/\/github.com\/laravel\/framework.git","reference":"c4ce8d7a3ac6e655e8b5f0ff3ee07d24fab765ba"},"dist":{"type":"zip","url":"https:\/\/api.github.com\/repos\/laravel\/framework\/zipball\/c4ce8d7a3ac6e655e8b5f0ff3ee07d24fab765ba","reference":"c4ce8d7a3ac6e655e8b5f0ff3ee07d24fab765ba","shasum":""},"type":"library","time":"2015-07-21T18:33:13+00:00","autoload":{"classmap":["src\/Illuminate\/Queue\/IlluminateQueueClosure.php"],"files":["src\/Illuminate\/Foundation\/helpers.php","src\/Illuminate\/Support\/helpers.php"],"psr-4":{"Illuminate\\":"src\/Illuminate\/"}},"extra":{"branch-alias":{"dev-master":"5.1-dev"}},"require":{"php":">=5.5.9","ext-mbstring":"*","ext-openssl":"*","classpreloader\/classpreloader":"~2.0","danielstjules\/stringy":"~1.8","doctrine\/inflector":"~1.0","jeremeamia\/superclosure":"~2.0","league\/flysystem":"~1.0","monolog\/monolog":"~1.11","mtdowling\/cron-expression":"~1.0","nesbot\/carbon":"~1.19","psy\/psysh":"~0.5.1","swiftmailer\/swiftmailer":"~5.1","symfony\/console":"2.7.*","symfony\/css-selector":"2.7.*","symfony\/debug":"2.7.*","symfony\/dom-crawler":"2.7.*","symfony\/finder":"2.7.*","symfony\/http-foundation":"2.7.*","symfony\/http-kernel":"2.7.*","symfony\/process":"2.7.*","symfony\/routing":"2.7.*","symfony\/translation":"2.7.*","symfony\/var-dumper":"2.7.*","vlucas\/phpdotenv":"~1.0"},"require-dev":{"aws\/aws-sdk-php":"~3.0","iron-io\/iron_mq":"~2.0","mockery\/mockery":"~0.9.1","pda\/pheanstalk":"~3.0","phpunit\/phpunit":"~4.0","predis\/predis":"~1.0"},"suggest":{"aws\/aws-sdk-php":"Required to use the SQS queue driver and SES mail driver (~3.0).","doctrine\/dbal":"Required to rename columns and drop SQLite columns (~2.4).","fzaninotto\/faker":"Required to use the eloquent factory builder (~1.4).","guzzlehttp\/guzzle":"Required to use the Mailgun and Mandrill mail drivers (~5.3|~6.0).","iron-io\/iron_mq":"Required to use the iron queue driver (~2.0).","league\/flysystem-aws-s3-v3":"Required to use the Flysystem S3 driver (~1.0).","league\/flysystem-rackspace":"Required to use the Flysystem Rackspace driver (~1.0).","pda\/pheanstalk":"Required to use the beanstalk queue driver (~3.0).","predis\/predis":"Required to use the redis cache and queue drivers (~1.0).","pusher\/pusher-php-server":"Required to use the Pusher broadcast driver (~2.0)."},"replace":{"illuminate\/auth":"self.version","illuminate\/bus":"self.version","illuminate\/broadcasting":"self.version","illuminate\/cache":"self.version","illuminate\/config":"self.version","illuminate\/console":"self.version","illuminate\/container":"self.version","illuminate\/contracts":"self.version","illuminate\/cookie":"self.version","illuminate\/database":"self.version","illuminate\/encryption":"self.version","illuminate\/events":"self.version","illuminate\/exception":"self.version","illuminate\/filesystem":"self.version","illuminate\/foundation":"self.version","illuminate\/hashing":"self.version","illuminate\/http":"self.version","illuminate\/log":"self.version","illuminate\/mail":"self.version","illuminate\/pagination":"self.version","illuminate\/pipeline":"self.version","illuminate\/queue":"self.version","illuminate\/redis":"self.version","illuminate\/routing":"self.version","illuminate\/session":"self.version","illuminate\/support":"self.version","illuminate\/translation":"self.version","illuminate\/validation":"self.version","illuminate\/view":"self.version"},"uid":468394}},"sweeney\/framework":{"dev-laravel-5.1-remove-useless-else":{"name":"sweeney\/framework","description":"The Laravel Framework.","keywords":["framework","laravel"],"homepage":"http:\/\/laravel.com","version":"dev-laravel-5.1-remove-useless-else","version_normalized":"dev-laravel-5.1-remove-useless-else","license":["MIT"],"authors":[{"name":"Taylor Otwell","email":"taylorotwell@gmail.com"}],"source":{"type":"git","url":"https:\/\/github.com\/OlivierBarbier\/framework.git","reference":"cd36f8d156b9034ca39dfa280a7f719da680b7f1"},"dist":{"type":"zip","url":"https:\/\/api.github.com\/repos\/OlivierBarbier\/framework\/zipball\/cd36f8d156b9034ca39dfa280a7f719da680b7f1","reference":"cd36f8d156b9034ca39dfa280a7f719da680b7f1","shasum":""},"type":"library","time":"2015-05-10T08:48:47+00:00","autoload":{"classmap":["src\/Illuminate\/Queue\/IlluminateQueueClosure.php"],"files":["src\/Illuminate\/Foundation\/helpers.php","src\/Illuminate\/Support\/helpers.php"],"psr-4":{"Illuminate\\":"src\/Illuminate\/"}},"extra":{"branch-alias":{"dev-master":"5.1-dev"}},"require":{"php":">=5.4.0","ext-openssl":"*","ext-mcrypt":"*","ext-mbstring":"*","classpreloader\/classpreloader":"~1.2","danielstjules\/stringy":"~1.8","doctrine\/inflector":"~1.0","ircmaxell\/password-compat":"~1.0","fzaninotto\/faker":"~1.4","jeremeamia\/superclosure":"~2.0","league\/flysystem":"~1.0","monolog\/monolog":"~1.11","mtdowling\/cron-expression":"~1.0","nesbot\/carbon":"~1.0","psy\/psysh":"0.4.*","swiftmailer\/swiftmailer":"~5.1","symfony\/console":"2.7.*","symfony\/css-selector":"2.7.*","symfony\/debug":"2.7.*","symfony\/dom-crawler":"2.7.*","symfony\/finder":"2.7.*","symfony\/http-foundation":"2.7.*","symfony\/http-kernel":"2.7.*","symfony\/process":"2.7.*","symfony\/routing":"2.7.*","symfony\/security-core":"2.7.*","symfony\/translation":"2.7.*","symfony\/var-dumper":"2.7.*","vlucas\/phpdotenv":"~1.0"},"require-dev":{"aws\/aws-sdk-php":"~2.4","iron-io\/iron_mq":"~2.0","pda\/pheanstalk":"~3.0","predis\/predis":"~1.0","mockery\/mockery":"~0.9","phpunit\/phpunit":"~4.0"},"suggest":{"aws\/aws-sdk-php":"Required to use the SQS queue driver and SES mail driver (~2.4).","doctrine\/dbal":"Required to rename columns and drop SQLite columns (~2.4).","guzzlehttp\/guzzle":"Required to use the Mailgun and Mandrill mail drivers (~5.0).","iron-io\/iron_mq":"Required to use the iron queue driver (~2.0).","league\/flysystem-aws-s3-v2":"Required to use the Flysystem S3 driver (~1.0).","league\/flysystem-rackspace":"Required to use the Flysystem Rackspace driver (~1.0).","pda\/pheanstalk":"Required to use the beanstalk queue driver (~3.0).","predis\/predis":"Required to use the redis cache and queue drivers (~1.0)."},"replace":{"illuminate\/auth":"self.version","illuminate\/bus":"self.version","illuminate\/broadcasting":"self.version","illuminate\/cache":"self.version","illuminate\/config":"self.version","illuminate\/console":"self.version","illuminate\/container":"self.version","illuminate\/contracts":"self.version","illuminate\/cookie":"self.version","illuminate\/database":"self.version","illuminate\/encryption":"self.version","illuminate\/events":"self.version","illuminate\/exception":"self.version","illuminate\/filesystem":"self.version","illuminate\/foundation":"self.version","illuminate\/hashing":"self.version","illuminate\/http":"self.version","illuminate\/log":"self.version","illuminate\/mail":"self.version","illuminate\/pagination":"self.version","illuminate\/pipeline":"self.version","illuminate\/queue":"self.version","illuminate\/redis":"self.version","illuminate\/routing":"self.version","illuminate\/session":"self.version","illuminate\/support":"self.version","illuminate\/translation":"self.version","illuminate\/validation":"self.version","illuminate\/view":"self.version"},"uid":424336},"dev-master":{"name":"sweeney\/framework","description":"The Laravel Framework.","keywords":["framework","laravel"],"homepage":"http:\/\/laravel.com","version":"dev-master","version_normalized":"9999999-dev","license":["MIT"],"authors":[{"name":"Taylor Otwell","email":"taylorotwell@gmail.com"}],"source":{"type":"git","url":"https:\/\/github.com\/OlivierBarbier\/framework.git","reference":"9ef70570648341536e160ea84c553f1efde692cb"},"dist":{"type":"zip","url":"https:\/\/api.github.com\/repos\/OlivierBarbier\/framework\/zipball\/9ef70570648341536e160ea84c553f1efde692cb","reference":"9ef70570648341536e160ea84c553f1efde692cb","shasum":""},"type":"library","time":"2015-05-13T21:17:50+00:00","autoload":{"classmap":["src\/Illuminate\/Queue\/IlluminateQueueClosure.php"],"files":["src\/Illuminate\/Foundation\/helpers.php","src\/Illuminate\/Support\/helpers.php"],"psr-4":{"Illuminate\\":"src\/Illuminate\/"}},"extra":{"branch-alias":{"dev-master":"5.1-dev"}},"require":{"php":">=5.4.0","ircmaxell\/password-compat":"~1.0","nesbot\/carbon":"~1.0","swiftmailer\/swiftmailer":"~5.1","ext-openssl":"*","ext-mcrypt":"*","ext-mbstring":"*","classpreloader\/classpreloader":"~1.2","danielstjules\/stringy":"~1.8","doctrine\/inflector":"~1.0","fzaninotto\/faker":"~1.4","jeremeamia\/superclosure":"~2.0","league\/flysystem":"~1.0","monolog\/monolog":"~1.11","mtdowling\/cron-expression":"~1.0","psy\/psysh":"0.4.*","symfony\/console":"2.7.*","symfony\/css-selector":"2.7.*","symfony\/debug":"2.7.*","symfony\/dom-crawler":"2.7.*","symfony\/finder":"2.7.*","symfony\/http-foundation":"2.7.*","symfony\/http-kernel":"2.7.*","symfony\/process":"2.7.*","symfony\/routing":"2.7.*","symfony\/security-core":"2.7.*","symfony\/translation":"2.7.*","symfony\/var-dumper":"2.7.*","vlucas\/phpdotenv":"~1.0"},"require-dev":{"aws\/aws-sdk-php":"~2.4","iron-io\/iron_mq":"~2.0","mockery\/mockery":"~0.9","pda\/pheanstalk":"~3.0","phpunit\/phpunit":"~4.0","predis\/predis":"~1.0"},"suggest":{"aws\/aws-sdk-php":"Required to use the SQS queue driver and SES mail driver (~2.4).","doctrine\/dbal":"Required to rename columns and drop SQLite columns (~2.4).","guzzlehttp\/guzzle":"Required to use the Mailgun and Mandrill mail drivers (~5.0).","iron-io\/iron_mq":"Required to use the iron queue driver (~2.0).","league\/flysystem-aws-s3-v2":"Required to use the Flysystem S3 driver (~1.0).","league\/flysystem-rackspace":"Required to use the Flysystem Rackspace driver (~1.0).","pda\/pheanstalk":"Required to use the beanstalk queue driver (~3.0).","predis\/predis":"Required to use the redis cache and queue drivers (~1.0).","pusher\/pusher-php-server":"Required to use the Pusher broadcast driver (~2.0)."},"replace":{"illuminate\/auth":"self.version","illuminate\/cache":"self.version","illuminate\/config":"self.version","illuminate\/console":"self.version","illuminate\/container":"self.version","illuminate\/cookie":"self.version","illuminate\/database":"self.version","illuminate\/encryption":"self.version","illuminate\/events":"self.version","illuminate\/exception":"self.version","illuminate\/filesystem":"self.version","illuminate\/foundation":"self.version","illuminate\/hashing":"self.version","illuminate\/http":"self.version","illuminate\/log":"self.version","illuminate\/mail":"self.version","illuminate\/pagination":"self.version","illuminate\/queue":"self.version","illuminate\/redis":"self.version","illuminate\/routing":"self.version","illuminate\/session":"self.version","illuminate\/support":"self.version","illuminate\/translation":"self.version","illuminate\/validation":"self.version","illuminate\/view":"self.version","illuminate\/bus":"self.version","illuminate\/broadcasting":"self.version","illuminate\/contracts":"self.version","illuminate\/pipeline":"self.version"},"uid":397027}}}}