{"packages":{"jakub-onderka\/php-console-color":{"0.1":{"name":"jakub-onderka\/php-console-color","description":"","keywords":[],"homepage":"","version":"0.1","version_normalized":"0.1.0.0","license":["BSD-2-Clause"],"authors":[{"name":"Jakub Onderka","email":"jakub.onderka@gmail.com","homepage":"http:\/\/www.acci.cz"}],"source":{"type":"git","url":"https:\/\/github.com\/JakubOnderka\/PHP-Console-Color.git","reference":"e0b393dacf7703fc36a4efc3df1435485197e6c1"},"dist":{"type":"zip","url":"https:\/\/api.github.com\/repos\/JakubOnderka\/PHP-Console-Color\/zipball\/e0b393dacf7703fc36a4efc3df1435485197e6c1","reference":"e0b393dacf7703fc36a4efc3df1435485197e6c1","shasum":""},"type":"library","time":"2014-04-08T15:00:19+00:00","autoload":{"psr-0":{"JakubOnderka\\PhpConsoleColor":"src\/"}},"require":{"php":">=5.3.2"},"require-dev":{"phpunit\/phpunit":"3.7.*","jakub-onderka\/php-parallel-lint":"0.*","jakub-onderka\/php-var-dump-check":"0.*","squizlabs\/php_codesniffer":"1.*","jakub-onderka\/php-code-style":"1.0"},"uid":156240},"dev-master":{"name":"jakub-onderka\/php-console-color","description":"","keywords":[],"homepage":"","version":"dev-master","version_normalized":"9999999-dev","license":["BSD-2-Clause"],"authors":[{"name":"Jakub Onderka","email":"jakub.onderka@gmail.com"}],"source":{"type":"git","url":"https:\/\/github.com\/JakubOnderka\/PHP-Console-Color.git","reference":"6855b75259010f67e8425aff1259c6e3f63750b7"},"dist":{"type":"zip","url":"https:\/\/api.github.com\/repos\/JakubOnderka\/PHP-Console-Color\/zipball\/6855b75259010f67e8425aff1259c6e3f63750b7","reference":"6855b75259010f67e8425aff1259c6e3f63750b7","shasum":""},"type":"library","time":"2014-11-04T01:18:40+00:00","autoload":{"psr-0":{"JakubOnderka\\PhpConsoleColor":"src\/"}},"require":{"php":">=5.3.2"},"require-dev":{"jakub-onderka\/php-parallel-lint":"0.*","jakub-onderka\/php-var-dump-check":"0.*","squizlabs\/php_codesniffer":"1.*","jakub-onderka\/php-code-style":"1.0","phpunit\/phpunit":"~4.3"},"uid":155711}}}}