{"packages":{"mockery\/mockery":{"0.7.2":{"name":"mockery\/mockery","description":"Mockery is a simple yet flexible PHP mock object framework for use in unit testing with PHPUnit, PHPSpec or any other testing framework. Its core goal is to offer a test double framework with a succint API capable of clearly defining all possible object operations and interactions using a human readable Domain Specific Language (DSL). Designed as a drop in alternative to PHPUnit's phpunit-mock-objects library, Mockery is easy to integrate with PHPUnit and can operate alongside phpunit-mock-objects without the World ending.","keywords":["testing","library","BDD","TDD","test","mockery","mock","stub","test double","mock objects"],"homepage":"http:\/\/github.com\/padraic\/mockery","version":"0.7.2","version_normalized":"0.7.2.0","license":["New BSD"],"authors":[{"name":"P\u00e1draic Brady","email":"padraic.brady@gmail.com","homepage":"http:\/\/blog.astrumfutura.com"}],"source":{"type":"git","url":"https:\/\/github.com\/padraic\/mockery.git","reference":"10ef0f8a63392f244e5b19de261b6a08eb8e4109"},"dist":{"type":"zip","url":"https:\/\/api.github.com\/repos\/padraic\/mockery\/zipball\/10ef0f8a63392f244e5b19de261b6a08eb8e4109","reference":"10ef0f8a63392f244e5b19de261b6a08eb8e4109","shasum":""},"type":"library","time":"2012-01-24T20:22:39+00:00","autoload":{"psr-0":{"Mockery":"library\/"}},"require":{"php":">=5.3.2"},"suggest":{"Hamcrest":"1.0.0"},"uid":6051},"0.8.0":{"name":"mockery\/mockery","description":"Mockery is a simple yet flexible PHP mock object framework for use in unit testing with PHPUnit, PHPSpec or any other testing framework. Its core goal is to offer a test double framework with a succint API capable of clearly defining all possible object operations and interactions using a human readable Domain Specific Language (DSL). Designed as a drop in alternative to PHPUnit's phpunit-mock-objects library, Mockery is easy to integrate with PHPUnit and can operate alongside phpunit-mock-objects without the World ending.","keywords":["testing","library","BDD","TDD","test","mockery","mock","stub","test double","mock objects"],"homepage":"http:\/\/github.com\/padraic\/mockery","version":"0.8.0","version_normalized":"0.8.0.0","license":["BSD-3-Clause"],"authors":[{"name":"P\u00e1draic Brady","email":"padraic.brady@gmail.com","homepage":"http:\/\/blog.astrumfutura.com"}],"source":{"type":"git","url":"https:\/\/github.com\/padraic\/mockery.git","reference":"35f0e18022f5538df9df8920a3d96c1761d63220"},"dist":{"type":"zip","url":"https:\/\/api.github.com\/repos\/padraic\/mockery\/zipball\/35f0e18022f5538df9df8920a3d96c1761d63220","reference":"35f0e18022f5538df9df8920a3d96c1761d63220","shasum":""},"type":"library","time":"2013-04-01T12:13:17+00:00","autoload":{"psr-0":{"Mockery":"library\/"}},"require":{"php":">=5.3.2"},"require-dev":{"hamcrest\/hamcrest":"1.1.0"},"uid":46281},"0.9.0":{"name":"mockery\/mockery","description":"Mockery is a simple yet flexible PHP mock object framework for use in unit testing with PHPUnit, PHPSpec or any other testing framework. Its core goal is to offer a test double framework with a succint API capable of clearly defining all possible object operations and interactions using a human readable Domain Specific Language (DSL). Designed as a drop in alternative to PHPUnit's phpunit-mock-objects library, Mockery is easy to integrate with PHPUnit and can operate alongside phpunit-mock-objects without the World ending.","keywords":["testing","library","BDD","TDD","test","mockery","mock","stub","test double","mock objects"],"homepage":"http:\/\/github.com\/padraic\/mockery","version":"0.9.0","version_normalized":"0.9.0.0","license":["BSD-3-Clause"],"authors":[{"name":"P\u00e1draic Brady","email":"padraic.brady@gmail.com","homepage":"http:\/\/blog.astrumfutura.com"},{"name":"Dave Marshall","email":"dave.marshall@atstsolutions.co.uk","homepage":"http:\/\/davedevelopment.co.uk"}],"source":{"type":"git","url":"https:\/\/github.com\/padraic\/mockery.git","reference":"0fd49fd3f6c984409802004b1dd7b55d0f35ce4a"},"dist":{"type":"zip","url":"https:\/\/api.github.com\/repos\/padraic\/mockery\/zipball\/0fd49fd3f6c984409802004b1dd7b55d0f35ce4a","reference":"0fd49fd3f6c984409802004b1dd7b55d0f35ce4a","shasum":""},"type":"library","time":"2014-02-05T21:30:08+00:00","autoload":{"psr-0":{"Mockery":"library\/"}},"extra":{"branch-alias":{"dev-master":"0.9.x-dev"}},"require":{"php":">=5.3.2","lib-pcre":">=7.0"},"require-dev":{"hamcrest\/hamcrest-php":"~1.1","satooshi\/php-coveralls":"dev-master"},"uid":129926},"0.9.1":{"name":"mockery\/mockery","description":"Mockery is a simple yet flexible PHP mock object framework for use in unit testing with PHPUnit, PHPSpec or any other testing framework. Its core goal is to offer a test double framework with a succint API capable of clearly defining all possible object operations and interactions using a human readable Domain Specific Language (DSL). Designed as a drop in alternative to PHPUnit's phpunit-mock-objects library, Mockery is easy to integrate with PHPUnit and can operate alongside phpunit-mock-objects without the World ending.","keywords":["testing","library","BDD","TDD","test","mockery","mock","stub","test double","mock objects"],"homepage":"http:\/\/github.com\/padraic\/mockery","version":"0.9.1","version_normalized":"0.9.1.0","license":["BSD-3-Clause"],"authors":[{"name":"P\u00e1draic Brady","email":"padraic.brady@gmail.com","homepage":"http:\/\/blog.astrumfutura.com"},{"name":"Dave Marshall","email":"dave.marshall@atstsolutions.co.uk","homepage":"http:\/\/davedevelopment.co.uk"}],"source":{"type":"git","url":"https:\/\/github.com\/padraic\/mockery.git","reference":"17f63ee40ed14a8afb7ba1f0ae15cc4491d719d1"},"dist":{"type":"zip","url":"https:\/\/api.github.com\/repos\/padraic\/mockery\/zipball\/17f63ee40ed14a8afb7ba1f0ae15cc4491d719d1","reference":"17f63ee40ed14a8afb7ba1f0ae15cc4491d719d1","shasum":""},"type":"library","time":"2014-05-02T12:16:45+00:00","autoload":{"psr-0":{"Mockery":"library\/"}},"extra":{"branch-alias":{"dev-master":"0.9.x-dev"}},"require":{"php":">=5.3.2","lib-pcre":">=7.0"},"require-dev":{"phpunit\/phpunit":"~4.0","hamcrest\/hamcrest-php":"~1.1","satooshi\/php-coveralls":"~0.7@dev"},"uid":167109},"0.9.2":{"name":"mockery\/mockery","description":"Mockery is a simple yet flexible PHP mock object framework for use in unit testing with PHPUnit, PHPSpec or any other testing framework. Its core goal is to offer a test double framework with a succint API capable of clearly defining all possible object operations and interactions using a human readable Domain Specific Language (DSL). Designed as a drop in alternative to PHPUnit's phpunit-mock-objects library, Mockery is easy to integrate with PHPUnit and can operate alongside phpunit-mock-objects without the World ending.","keywords":["testing","library","BDD","TDD","test","mockery","mock","stub","test double","mock objects"],"homepage":"http:\/\/github.com\/padraic\/mockery","version":"0.9.2","version_normalized":"0.9.2.0","license":["BSD-3-Clause"],"authors":[{"name":"P\u00e1draic Brady","email":"padraic.brady@gmail.com","homepage":"http:\/\/blog.astrumfutura.com"},{"name":"Dave Marshall","email":"dave.marshall@atstsolutions.co.uk","homepage":"http:\/\/davedevelopment.co.uk"}],"source":{"type":"git","url":"https:\/\/github.com\/padraic\/mockery.git","reference":"95a4855380dc70176c51807c678fb3bd6198529a"},"dist":{"type":"zip","url":"https:\/\/api.github.com\/repos\/padraic\/mockery\/zipball\/95a4855380dc70176c51807c678fb3bd6198529a","reference":"95a4855380dc70176c51807c678fb3bd6198529a","shasum":""},"type":"library","time":"2014-09-03T10:11:10+00:00","autoload":{"psr-0":{"Mockery":"library\/"}},"extra":{"branch-alias":{"dev-master":"0.9.x-dev"}},"require":{"php":">=5.3.2","lib-pcre":">=7.0"},"require-dev":{"phpunit\/phpunit":"~4.0","hamcrest\/hamcrest-php":"~1.1","satooshi\/php-coveralls":"~0.7@dev"},"uid":228594},"0.9.3":{"name":"mockery\/mockery","description":"Mockery is a simple yet flexible PHP mock object framework for use in unit testing with PHPUnit, PHPSpec or any other testing framework. Its core goal is to offer a test double framework with a succint API capable of clearly defining all possible object operations and interactions using a human readable Domain Specific Language (DSL). Designed as a drop in alternative to PHPUnit's phpunit-mock-objects library, Mockery is easy to integrate with PHPUnit and can operate alongside phpunit-mock-objects without the World ending.","keywords":["testing","library","BDD","TDD","test","mockery","mock","stub","test double","mock objects"],"homepage":"http:\/\/github.com\/padraic\/mockery","version":"0.9.3","version_normalized":"0.9.3.0","license":["BSD-3-Clause"],"authors":[{"name":"P\u00e1draic Brady","email":"padraic.brady@gmail.com","homepage":"http:\/\/blog.astrumfutura.com"},{"name":"Dave Marshall","email":"dave.marshall@atstsolutions.co.uk","homepage":"http:\/\/davedevelopment.co.uk"}],"source":{"type":"git","url":"https:\/\/github.com\/padraic\/mockery.git","reference":"686f85fa5b3b079cc0157d7cd3e9adb97f0b41e1"},"dist":{"type":"zip","url":"https:\/\/api.github.com\/repos\/padraic\/mockery\/zipball\/686f85fa5b3b079cc0157d7cd3e9adb97f0b41e1","reference":"686f85fa5b3b079cc0157d7cd3e9adb97f0b41e1","shasum":""},"type":"library","time":"2014-12-22T10:06:19+00:00","autoload":{"psr-0":{"Mockery":"library\/"}},"extra":{"branch-alias":{"dev-master":"0.9.x-dev"}},"require":{"php":">=5.3.2","lib-pcre":">=7.0"},"require-dev":{"phpunit\/phpunit":"~4.0","hamcrest\/hamcrest-php":"~1.1","satooshi\/php-coveralls":"~0.7@dev"},"uid":293093},"0.9.4":{"name":"mockery\/mockery","description":"Mockery is a simple yet flexible PHP mock object framework for use in unit testing with PHPUnit, PHPSpec or any other testing framework. Its core goal is to offer a test double framework with a succinct API capable of clearly defining all possible object operations and interactions using a human readable Domain Specific Language (DSL). Designed as a drop in alternative to PHPUnit's phpunit-mock-objects library, Mockery is easy to integrate with PHPUnit and can operate alongside phpunit-mock-objects without the World ending.","keywords":["testing","library","BDD","TDD","test","mockery","mock","stub","test double","mock objects"],"homepage":"http:\/\/github.com\/padraic\/mockery","version":"0.9.4","version_normalized":"0.9.4.0","license":["BSD-3-Clause"],"authors":[{"name":"P\u00e1draic Brady","email":"padraic.brady@gmail.com","homepage":"http:\/\/blog.astrumfutura.com"},{"name":"Dave Marshall","email":"dave.marshall@atstsolutions.co.uk","homepage":"http:\/\/davedevelopment.co.uk"}],"source":{"type":"git","url":"https:\/\/github.com\/padraic\/mockery.git","reference":"70bba85e4aabc9449626651f48b9018ede04f86b"},"dist":{"type":"zip","url":"https:\/\/api.github.com\/repos\/padraic\/mockery\/zipball\/70bba85e4aabc9449626651f48b9018ede04f86b","reference":"70bba85e4aabc9449626651f48b9018ede04f86b","shasum":""},"type":"library","time":"2015-04-02T19:54:00+00:00","autoload":{"psr-0":{"Mockery":"library\/"}},"extra":{"branch-alias":{"dev-master":"0.9.x-dev"}},"require":{"php":">=5.3.2","lib-pcre":">=7.0","hamcrest\/hamcrest-php":"~1.1"},"require-dev":{"phpunit\/phpunit":"~4.0"},"uid":373084},"dev-generator-fail":{"name":"mockery\/mockery","description":"Mockery is a simple yet flexible PHP mock object framework for use in unit testing with PHPUnit, PHPSpec or any other testing framework. Its core goal is to offer a test double framework with a succint API capable of clearly defining all possible object operations and interactions using a human readable Domain Specific Language (DSL). Designed as a drop in alternative to PHPUnit's phpunit-mock-objects library, Mockery is easy to integrate with PHPUnit and can operate alongside phpunit-mock-objects without the World ending.","keywords":["testing","library","BDD","TDD","test","mockery","mock","stub","test double","mock objects"],"homepage":"http:\/\/github.com\/padraic\/mockery","version":"dev-generator-fail","version_normalized":"dev-generator-fail","license":["BSD-3-Clause"],"authors":[{"name":"P\u00e1draic Brady","email":"padraic.brady@gmail.com","homepage":"http:\/\/blog.astrumfutura.com"}],"source":{"type":"git","url":"https:\/\/github.com\/padraic\/mockery.git","reference":"2669361afbca280880a86e1e47f30b12ac3ef47a"},"dist":{"type":"zip","url":"https:\/\/api.github.com\/repos\/padraic\/mockery\/zipball\/2669361afbca280880a86e1e47f30b12ac3ef47a","reference":"2669361afbca280880a86e1e47f30b12ac3ef47a","shasum":""},"type":"library","time":"2013-02-04T19:24:20+00:00","autoload":{"psr-0":{"Mockery":"library\/"}},"require":{"php":">=5.3.2"},"require-dev":{"hamcrest\/hamcrest":"1.1.0"},"uid":35184},"dev-master":{"name":"mockery\/mockery","description":"Mockery is a simple yet flexible PHP mock object framework for use in unit testing with PHPUnit, PHPSpec or any other testing framework. Its core goal is to offer a test double framework with a succinct API capable of clearly defining all possible object operations and interactions using a human readable Domain Specific Language (DSL). Designed as a drop in alternative to PHPUnit's phpunit-mock-objects library, Mockery is easy to integrate with PHPUnit and can operate alongside phpunit-mock-objects without the World ending.","keywords":["testing","library","BDD","TDD","test","mockery","mock","stub","test double","mock objects"],"homepage":"http:\/\/github.com\/padraic\/mockery","version":"dev-master","version_normalized":"9999999-dev","license":["BSD-3-Clause"],"authors":[{"name":"P\u00e1draic Brady","email":"padraic.brady@gmail.com","homepage":"http:\/\/blog.astrumfutura.com"},{"name":"Dave Marshall","email":"dave.marshall@atstsolutions.co.uk","homepage":"http:\/\/davedevelopment.co.uk"}],"source":{"type":"git","url":"https:\/\/github.com\/padraic\/mockery.git","reference":"e585573c91b0c821e511afd14666b4503ef7255b"},"dist":{"type":"zip","url":"https:\/\/api.github.com\/repos\/padraic\/mockery\/zipball\/e585573c91b0c821e511afd14666b4503ef7255b","reference":"e585573c91b0c821e511afd14666b4503ef7255b","shasum":""},"type":"library","time":"2015-07-31T13:51:58+00:00","autoload":{"psr-0":{"Mockery":"library\/"}},"extra":{"branch-alias":{"dev-master":"1.0.x-dev"}},"require":{"lib-pcre":">=7.0","hamcrest\/hamcrest-php":"~1.1","php":">=5.4.0"},"require-dev":{"phpunit\/phpunit":"~4.0"},"uid":6052},"dev-php-parser":{"name":"mockery\/mockery","description":"Mockery is a simple yet flexible PHP mock object framework for use in unit testing with PHPUnit, PHPSpec or any other testing framework. Its core goal is to offer a test double framework with a succint API capable of clearly defining all possible object operations and interactions using a human readable Domain Specific Language (DSL). Designed as a drop in alternative to PHPUnit's phpunit-mock-objects library, Mockery is easy to integrate with PHPUnit and can operate alongside phpunit-mock-objects without the World ending.","keywords":["testing","library","BDD","TDD","test","mockery","mock","stub","test double","mock objects"],"homepage":"http:\/\/github.com\/padraic\/mockery","version":"dev-php-parser","version_normalized":"dev-php-parser","license":["BSD-3-Clause"],"authors":[{"name":"P\u00e1draic Brady","email":"padraic.brady@gmail.com","homepage":"http:\/\/blog.astrumfutura.com"}],"source":{"type":"git","url":"https:\/\/github.com\/padraic\/mockery.git","reference":"5731489ca1cbc0ede4b9832c9706f3cbe1989d2c"},"dist":{"type":"zip","url":"https:\/\/api.github.com\/repos\/padraic\/mockery\/zipball\/5731489ca1cbc0ede4b9832c9706f3cbe1989d2c","reference":"5731489ca1cbc0ede4b9832c9706f3cbe1989d2c","shasum":""},"type":"library","time":"2013-03-19T00:27:17+00:00","autoload":{"psr-0":{"Mockery":"library\/"}},"require":{"php":">=5.3.2","nikic\/php-parser":"dev-master@dev"},"require-dev":{"hamcrest\/hamcrest":"1.1.0"},"uid":37387},"dev-simplify-stub-dsl":{"name":"mockery\/mockery","description":"Mockery is a simple yet flexible PHP mock object framework for use in unit testing with PHPUnit, PHPSpec or any other testing framework. Its core goal is to offer a test double framework with a succint API capable of clearly defining all possible object operations and interactions using a human readable Domain Specific Language (DSL). Designed as a drop in alternative to PHPUnit's phpunit-mock-objects library, Mockery is easy to integrate with PHPUnit and can operate alongside phpunit-mock-objects without the World ending.","keywords":["testing","library","BDD","TDD","test","mockery","mock","stub","test double","mock objects"],"homepage":"http:\/\/github.com\/padraic\/mockery","version":"dev-simplify-stub-dsl","version_normalized":"dev-simplify-stub-dsl","license":["BSD-3-Clause"],"authors":[{"name":"P\u00e1draic Brady","email":"padraic.brady@gmail.com","homepage":"http:\/\/blog.astrumfutura.com"}],"source":{"type":"git","url":"https:\/\/github.com\/padraic\/mockery.git","reference":"4738a2836b6b32e7be3b2b287e38a56b928bc8a8"},"dist":{"type":"zip","url":"https:\/\/api.github.com\/repos\/padraic\/mockery\/zipball\/4738a2836b6b32e7be3b2b287e38a56b928bc8a8","reference":"4738a2836b6b32e7be3b2b287e38a56b928bc8a8","shasum":""},"type":"library","time":"2013-04-24T22:05:42+00:00","autoload":{"psr-0":{"Mockery":"library\/"}},"require":{"php":">=5.3.2"},"require-dev":{"hamcrest\/hamcrest":"1.1.0"},"uid":50695},"dev-test-double-api":{"name":"mockery\/mockery","description":"Mockery is a simple yet flexible PHP mock object framework for use in unit testing with PHPUnit, PHPSpec or any other testing framework. Its core goal is to offer a test double framework with a succint API capable of clearly defining all possible object operations and interactions using a human readable Domain Specific Language (DSL). Designed as a drop in alternative to PHPUnit's phpunit-mock-objects library, Mockery is easy to integrate with PHPUnit and can operate alongside phpunit-mock-objects without the World ending.","keywords":["testing","library","BDD","TDD","test","mockery","mock","stub","test double","mock objects"],"homepage":"http:\/\/github.com\/padraic\/mockery","version":"dev-test-double-api","version_normalized":"dev-test-double-api","license":["BSD-3-Clause"],"authors":[{"name":"P\u00e1draic Brady","email":"padraic.brady@gmail.com","homepage":"http:\/\/blog.astrumfutura.com"},{"name":"Dave Marshall","email":"dave.marshall@atstsolutions.co.uk","homepage":"http:\/\/davedevelopment.co.uk"}],"source":{"type":"git","url":"https:\/\/github.com\/padraic\/mockery.git","reference":"c3026989f7c1d01eef26fdcef2cbcf28c072ca8d"},"dist":{"type":"zip","url":"https:\/\/api.github.com\/repos\/padraic\/mockery\/zipball\/c3026989f7c1d01eef26fdcef2cbcf28c072ca8d","reference":"c3026989f7c1d01eef26fdcef2cbcf28c072ca8d","shasum":""},"type":"library","time":"2015-01-22T16:46:49+00:00","autoload":{"psr-0":{"Mockery":"library\/"}},"extra":{"branch-alias":{"dev-master":"0.9.x-dev"}},"require":{"php":">=5.3.2","lib-pcre":">=7.0"},"require-dev":{"phpunit\/phpunit":"~4.0","hamcrest\/hamcrest-php":"~1.1","satooshi\/php-coveralls":"~0.7@dev"},"uid":247902}}}}